215583520,   0.007,  -0.017,  -0.011,   1.121,  -0.315,   9.829
215602734,   0.009,  -0.014,  -0.011,   1.125,  -0.326,   9.835
215624356,   0.010,  -0.012,  -0.010,   1.124,  -0.328,   9.829
215643571,   0.007,  -0.018,  -0.011,   1.138,  -0.330,   9.833
215662786,   0.009,  -0.018,  -0.012,   1.110,  -0.333,   9.831
215684406,   0.010,  -0.015,  -0.012,   1.131,  -0.330,   9.835
215703621,   0.011,  -0.012,  -0.010,   1.105,  -0.323,   9.829
215725241,   0.009,  -0.014,  -0.010,   1.119,  -0.335,   9.824
215744458,   0.006,  -0.019,  -0.012,   1.117,  -0.320,   9.831
215766074,   0.007,  -0.017,  -0.010,   1.128,  -0.318,   9.844
215785292,   0.009,  -0.014,  -0.011,   1.119,  -0.323,   9.837
215804508,   0.010,  -0.013,  -0.011,   1.130,  -0.332,   9.826
215826125,   0.007,  -0.016,  -0.010,   1.122,  -0.317,   9.838
215845344,   0.009,  -0.014,  -0.010,   1.132,  -0.318,   9.836
215864559,   0.010,  -0.014,  -0.010,   1.137,  -0.315,   9.819
215886176,   0.009,  -0.014,  -0.009,   1.113,  -0.315,   9.827
215905394,   0.006,  -0.016,  -0.011,   1.128,  -0.321,   9.829
215924609,   0.007,  -0.016,  -0.011,   1.123,  -0.340,   9.838
215946227,   0.009,  -0.014,  -0.010,   1.122,  -0.320,   9.830
215965445,   0.010,  -0.013,  -0.011,   1.135,  -0.335,   9.824
215984662,   0.010,  -0.015,  -0.011,   1.124,  -0.320,   9.826
216006278,   0.007,  -0.017,  -0.010,   1.121,  -0.326,   9.842
216025496,   0.009,  -0.014,  -0.010,   1.140,  -0.316,   9.832
216044713,   0.010,  -0.013,  -0.009,   1.115,  -0.330,   9.821
216066329,   0.007,  -0.016,  -0.011,   1.134,  -0.322,   9.835
216087949,   0.010,  -0.016,  -0.011,   1.127,  -0.333,   9.823
216107164,   0.009,  -0.017,  -0.010,   1.118,  -0.317,   9.829
216126380,   0.009,  -0.014,  -0.011,   1.129,  -0.320,   9.837
216145599,   0.010,  -0.015,  -0.010,   1.128,  -0.309,   9.837
216167215,   0.009,  -0.016,  -0.011,   1.127,  -0.311,   9.815
216186432,   0.009,  -0.014,  -0.010,   1.134,  -0.312,   9.837
216205649,   0.009,  -0.013,  -0.011,   1.134,  -0.323,   9.837
216227268,   0.010,  -0.013,  -0.010,   1.119,  -0.312,   9.825
216246483,   0.009,  -0.014,  -0.010,   1.116,  -0.320,   9.817
216265701,   0.010,  -0.014,  -0.011,   1.121,  -0.321,   9.837
216287319,   0.010,  -0.014,  -0.010,   1.127,  -0.315,   9.830
216306533,   0.009,  -0.013,  -0.012,   1.131,  -0.309,   9.827
216328154,   0.010,  -0.016,  -0.012,   1.123,  -0.335,   9.823
216347369,   0.009,  -0.015,  -0.009,   1.104,  -0.320,   9.826
216366585,   0.009,  -0.014,  -0.010,   1.127,  -0.327,   9.826
216388204,   0.010,  -0.015,  -0.010,   1.131,  -0.306,   9.830
216407420,   0.007,  -0.014,  -0.012,   1.124,  -0.314,   9.820
216426636,   0.009,  -0.016,  -0.011,   1.110,  -0.318,   9.826
216448255,   0.009,  -0.014,  -0.010,   1.121,  -0.326,   9.824
216467471,   0.007,  -0.014,  -0.010,   1.131,  -0.321,   9.824
216486687,   0.007,  -0.017,  -0.011,   1.123,  -0.320,   9.836
216508307,   0.009,  -0.017,  -0.009,   1.118,  -0.315,   9.818
216527522,   0.009,  -0.015,  -0.011,   1.123,  -0.335,   9.827
216546738,   0.009,  -0.015,  -0.011,   1.134,  -0.333,   9.824
216568359,   0.007,  -0.018,  -0.010,   1.118,  -0.323,   9.824
216587573,   0.009,  -0.016,  -0.010,   1.134,  -0.320,   9.821
216606790,   0.009,  -0.015,  -0.010,   1.118,  -0.316,   9.835
216628410,   0.010,  -0.014,  -0.009,   1.138,  -0.322,   9.827
216647624,   0.007,  -0.017,  -0.009,   1.125,  -0.312,   9.825
216666841,   0.007,  -0.016,  -0.011,   1.112,  -0.323,   9.818
216688460,   0.010,  -0.014,  -0.010,   1.121,  -0.333,   9.826
216707675,   0.010,  -0.015,  -0.011,   1.130,  -0.322,   9.831
216726891,   0.010,  -0.015,  -0.010,   1.124,  -0.321,   9.820
216748513,   0.007,  -0.018,  -0.011,   1.134,  -0.329,   9.820
216767727,   0.010,  -0.014,  -0.011,   1.130,  -0.321,   9.827
216789346,   0.010,  -0.013,  -0.011,   1.137,  -0.308,   9.833
216808563,   0.009,  -0.015,  -0.010,   1.130,  -0.315,   9.820
216827778,   0.007,  -0.018,  -0.011,   1.119,  -0.326,   9.842
216849399,   0.007,  -0.017,  -0.012,   1.131,  -0.334,   9.832
216868614,   0.009,  -0.016,  -0.012,   1.122,  -0.320,   9.831
216887829,   0.007,  -0.015,  -0.010,   1.134,  -0.320,   9.831
216909450,   0.009,  -0.016,  -0.011,   1.134,  -0.299,   9.838
216928665,   0.009,  -0.012,  -0.010,   1.113,  -0.323,   9.830
216947882,   0.010,  -0.013,  -0.011,   1.127,  -0.309,   9.812
216969500,   0.009,  -0.016,  -0.011,   1.127,  -0.315,   9.819
216988716,   0.007,  -0.017,  -0.009,   1.121,  -0.323,   9.824
217007932,   0.011,  -0.014,  -0.011,   1.135,  -0.309,   9.824
217029552,   0.010,  -0.013,  -0.010,   1.116,  -0.311,   9.833
217048766,   0.007,  -0.015,  -0.010,   1.132,  -0.300,   9.811
217067982,   0.009,  -0.015,  -0.010,   1.129,  -0.322,   9.824
217089603,   0.009,  -0.015,  -0.011,   1.124,  -0.334,   9.815
217108819,   0.009,  -0.015,  -0.012,   1.106,  -0.311,   9.830
217128033,   0.010,  -0.017,  -0.011,   1.129,  -0.309,   9.835
217149654,   0.007,  -0.018,  -0.011,   1.119,  -0.335,   9.839
217168869,   0.009,  -0.015,  -0.010,   1.128,  -0.327,   9.826
217188085,   0.009,  -0.014,  -0.011,   1.132,  -0.326,   9.830
217209706,   0.009,  -0.015,  -0.009,   1.138,  -0.332,   9.812
217228921,   0.009,  -0.017,  -0.010,   1.122,  -0.314,   9.830
217248136,   0.009,  -0.016,  -0.012,   1.123,  -0.324,   9.819
217269757,   0.007,  -0.015,  -0.010,   1.118,  -0.328,   9.831
217288972,   0.010,  -0.014,  -0.011,   1.141,  -0.318,   9.826
217308187,   0.007,  -0.016,  -0.011,   1.135,  -0.332,   9.820
217327403,   0.007,  -0.016,  -0.010,   1.140,  -0.317,   9.820
217349024,   0.009,  -0.014,  -0.010,   1.124,  -0.328,   9.837
217368238,   0.009,  -0.016,  -0.010,   1.117,  -0.330,   9.820
217387454,   0.007,  -0.017,  -0.011,   1.121,  -0.328,   9.813
217409073,   0.007,  -0.016,  -0.011,   1.116,  -0.315,   9.824
217428292,   0.010,  -0.015,  -0.010,   1.131,  -0.321,   9.827
217447505,   0.009,  -0.016,  -0.011,   1.136,  -0.326,   9.833
217469125,   0.012,  -0.016,  -0.001,   1.113,  -0.459,   9.801
217488343,   0.026,  -0.015,   0.015,   1.128,  -0.536,   9.888
217507557,   0.042,  -0.007,   0.031,   1.166,  -0.443,   9.866
217529176,  -0.005,  -0.019,  -0.029,   1.103,   0.057,   9.773
217548393,  -0.019,  -0.022,  -0.061,   1.141,  -0.022,   9.957
217567610,  -0.027,  -0.012,  -0.043,   1.129,  -0.406,   9.857
217589227,  -0.010,  -0.010,   0.001,   1.107,  -0.644,   9.671
217608445,   0.013,  -0.016,   0.017,   1.056,  -0.629,   9.874
217627660,   0.028,  -0.016,   0.003,   1.131,  -0.432,   9.973
217649277,   0.036,  -0.018,  -0.021,   1.087,  -0.194,   9.808
217668496,   0.013,  -0.019,  -0.026,   1.158,  -0.090,   9.782
217687709,  -0.002,  -0.014,  -0.012,   1.156,  -0.166,   9.788
217709331,   0.001,  -0.007,   0.018,   1.307,  -0.561,   9.820
217728547,   0.027,  -0.017,   0.042,   1.440,  -0.697,   9.703
217747761,   0.037,  -0.040,   0.019,   1.465,  -0.315,   9.802
217769382,   0.022,  -0.010,  -0.054,   1.283,   0.293,  10.031
217788598,  -0.015,   0.012,  -0.084,   0.843,   0.067,   9.740
217807812,  -0.037,  -0.009,  -0.051,   0.715,  -0.237,   9.619
217829432,  -0.033,  -0.022,   0.012,   0.770,  -0.751,  10.002
217848650,   0.005,  -0.009,   0.035,   0.832,  -0.745,   9.943
217867863,   0.036,  -0.019,   0.012,   0.862,  -0.588,   9.723
217889483,   0.035,  -0.029,  -0.028,   0.986,  -0.219,   9.906
217908700,   0.034,  -0.016,  -0.033,   1.088,  -0.053,   9.927
217930319,   0.001,  -0.015,  -0.015,   1.129,  -0.017,   9.693
217949535,  -0.022,  -0.019,   0.002,   1.203,  -0.229,   9.730
217968751,  -0.017,  -0.015,   0.003,   1.252,  -0.485,   9.873
217990369,   0.007,  -0.014,  -0.011,   1.302,  -0.570,   9.852
218009585,   0.023,  -0.016,  -0.022,   1.291,  -0.522,   9.800
218028803,   0.032,  -0.020,  -0.016,   1.325,  -0.341,   9.807
218050420,   0.020,  -0.013,  -0.004,   1.307,  -0.157,   9.756
218069638,  -0.001,  -0.014,  -0.001,   1.243,  -0.102,   9.757
218088852,  -0.007,  -0.012,  -0.006,   1.195,  -0.241,   9.863
218110471,  -0.005,  -0.011,  -0.020,   1.119,  -0.414,   9.875
218129688,   0.001,  -0.016,  -0.021,   1.065,  -0.536,   9.808
218148904,   0.019,  -0.016,  -0.012,   1.057,  -0.447,   9.829
218170524,   0.027,  -0.011,  -0.001,   1.019,  -0.290,   9.862
218189739,   0.013,  -0.015,  -0.004,   1.020,  -0.176,   9.826
218208955,   0.009,  -0.012,  -0.010,   1.031,  -0.196,   9.854
218230574,  -0.007,  -0.012,  -0.019,   1.033,  -0.244,   9.812
218249790,  -0.004,  -0.018,  -0.019,   1.020,  -0.397,   9.793
218269006,   0.002,  -0.015,  -0.015,   1.071,  -0.335,   9.914
218290625,   0.004,  -0.015,  -0.022,   1.057,  -0.368,   9.781
218309842,   0.010,  -0.020,  -0.014,   1.131,  -0.407,   9.781
218329059,   0.017,  -0.018,   0.004,   1.221,  -0.487,   9.893
218350677,   0.025,  -0.012,   0.016,   1.188,  -0.357,   9.795
218369894,   0.021,  -0.018,   0.002,   1.201,  -0.189,   9.763
218389110,   0.007,  -0.019,  -0.020,   1.219,  -0.151,   9.873
218410728,   0.001,  -0.013,  -0.023,   1.188,  -0.248,   9.803
218429945,  -0.004,  -0.011,  -0.016,   1.166,  -0.344,   9.775
218449160,  -0.001,  -0.016,  -0.005,   1.146,  -0.441,   9.837
218470778,  -0.001,  -0.006,   0.006,   1.274,  -0.579,  10.196
218489996,   0.032,   0.002,   0.009,   1.286,  -0.423,   9.697
218509212,   0.042,   0.007,   0.003,   1.098,  -0.369,   9.872
218530827,   0.029,  -0.010,  -0.001,   0.929,  -0.213,   9.767
218550046,   0.022,  -0.016,  -0.006,   0.923,  -0.129,   9.869
218569262,   0.002,  -0.016,  -0.021,   0.941,  -0.066,   9.836
218590879,  -0.015,  -0.019,  -0.037,   1.148,  -0.157,   9.742
218610096,  -0.031,  -0.030,  -0.043,   1.227,  -0.354,   9.736
218631715,  -0.017,  -0.029,  -0.021,   1.301,  -0.589,   9.875
218650930,   0.010,  -0.016,   0.004,   1.243,  -0.612,   9.819
218672550,   0.028,  -0.015,   0.015,   1.172,  -0.429,   9.805
218691766,   0.032,  -0.015,   0.001,   1.165,  -0.227,   9.869
218713386,   0.016,  -0.016,  -0.018,   1.142,  -0.093,   9.867
218732600,   0.003,  -0.012,  -0.021,   1.117,  -0.147,   9.801
218751818,  -0.004,  -0.001,  -0.011,   1.161,  -0.368,   9.882
218773436,   0.017,   0.022,   0.018,   1.160,  -0.570,   9.843
218792652,   0.033,  -0.011,   0.014,   0.983,  -0.375,   9.612
218814271,   0.026,  -0.011,  -0.017,   1.002,  -0.233,  10.073
218833488,   0.029,   0.018,  -0.027,   0.941,  -0.154,  10.013
218852703,   0.028,   0.034,  -0.015,   0.979,  -0.267,   9.773
218874323,   0.006,   0.025,   0.001,   0.978,  -0.259,   9.771
218893539,   0.006,   0.020,   0.002,   1.065,  -0.385,   9.908
218912755,   0.015,   0.031,  -0.004,   1.052,  -0.394,   9.947
218934373,   0.020,   0.043,  -0.014,   1.172,  -0.293,   9.896
218953590,   0.017,   0.049,  -0.021,   1.176,  -0.172,   9.812
218972805,  -0.003,   0.036,  -0.025,   1.164,  -0.146,   9.748
218994424,  -0.011,   0.030,  -0.007,   1.166,  -0.283,   9.778
219013641,  -0.015,   0.035,   0.005,   1.098,  -0.417,   9.800
219032857,  -0.007,   0.033,   0.009,   0.986,  -0.432,   9.765
219054476,   0.000,   0.020,  -0.001,   0.931,  -0.376,   9.836
219073693,   0.013,   0.020,  -0.004,   0.857,  -0.371,   9.831
219092908,   0.025,   0.023,   0.002,   0.858,  -0.304,   9.837
219114527,   0.020,   0.027,   0.005,   0.875,  -0.259,   9.857
219133743,   0.010,   0.018,  -0.003,   0.852,  -0.207,   9.855
219152958,  -0.001,   0.019,  -0.012,   0.941,  -0.227,   9.888
219174579,  -0.014,   0.019,  -0.031,   1.007,  -0.089,   9.827
219193794,  -0.030,   0.022,  -0.048,   1.068,  -0.091,   9.829
219213010,  -0.050,   0.027,  -0.060,   1.045,  -0.153,   9.914
219234629,  -0.075,   0.052,  -0.055,   0.959,  -0.285,   9.977
219253846,  -0.095,   0.078,  -0.050,   0.997,  -0.345,   9.908
219273062,  -0.098,   0.089,  -0.047,   0.961,  -0.432,   9.906
219294681,  -0.095,   0.101,  -0.042,   0.961,  -0.517,   9.934
219313898,  -0.082,   0.126,  -0.027,   0.934,  -0.581,  10.049
219333112,  -0.059,   0.159,  -0.005,   0.793,  -0.668,  10.149
219354732,  -0.023,   0.205,   0.028,   0.711,  -0.834,  10.207
219373948,   0.030,   0.229,   0.059,   0.781,  -0.972,  10.054
219393163,   0.049,   0.238,   0.076,   0.814,  -0.937,   9.936
219414783,   0.142,   0.265,   0.096,   0.867,  -0.740,  10.057
219433999,   0.239,   0.298,   0.125,   1.018,  -0.778,   9.758
219453215,   0.357,   0.254,   0.119,   1.212,  -0.403,   9.632
219474833,   0.342,   0.240,   0.036,   0.820,   0.285,   9.418
219494050,   0.259,   0.226,  -0.059,   0.189,   1.129,   9.929
219515668,   0.146,   0.186,  -0.099,  -0.328,   0.670,   9.910
219534885,  -0.039,   0.115,  -0.092,  -0.401,   0.444,   9.897
219556501,  -0.016,   0.190,  -0.015,  -0.348,  -0.581,   9.847
219575718,   0.067,   0.239,   0.038,  -0.030,  -0.870,  10.313
219597336,   0.049,   0.295,   0.011,   0.342,  -0.818,  10.749
219616552,   0.039,   0.356,  -0.016,   0.577,  -0.354,  10.859
219638171,   0.056,   0.439,  -0.009,   0.820,   0.171,  10.511
219657387,   0.079,   0.508,   0.010,   0.848,   0.403,  10.294
219676604,   0.040,   0.550,   0.003,   0.663,   0.317,  10.003
219698225,  -0.011,   0.576,  -0.019,   0.294,   0.065,   9.972
219717438,  -0.033,   0.602,  -0.038,  -0.219,  -0.190,  10.080
219736654,  -0.009,   0.633,  -0.034,  -0.621,  -0.364,  10.133
219758274,   0.028,   0.646,  -0.010,  -0.901,  -0.429,  10.030
219777490,   0.038,   0.654,   0.013,  -1.057,  -0.333,   9.821
219796706,   0.022,   0.666,   0.021,  -1.289,  -0.242,   9.698
219818326,   0.010,   0.653,   0.025,  -1.429,  -0.054,   9.473
219837541,  -0.007,   0.614,   0.015,  -1.513,   0.172,   9.248
219856757,   0.003,   0.560,   0.003,  -1.654,   0.150,   9.217
219878378,   0.038,   0.526,  -0.005,  -1.753,   0.010,   9.332
219897592,   0.039,   0.495,  -0.023,  -1.767,  -0.005,   9.325
219916808,   0.034,   0.455,  -0.046,  -1.853,   0.060,   9.359
219938428,   0.049,   0.421,  -0.071,  -2.095,   0.081,   9.375
219957643,   0.064,   0.392,  -0.072,  -2.288,  -0.142,   9.368
219976859,   0.048,   0.372,  -0.053,  -2.564,  -0.171,   9.269
219998480,   0.034,   0.334,  -0.048,  -2.537,  -0.141,   9.286
220017694,   0.012,   0.284,  -0.066,  -2.743,  -0.205,   9.378
220036911,   0.113,   0.252,  -0.035,  -2.926,  -0.297,   9.345
220058531,   0.194,   0.227,  -0.034,  -2.747,  -0.121,   9.217
220077746,   0.219,   0.185,  -0.045,  -2.714,  -0.236,   8.973
220096962,   0.256,   0.108,  -0.043,  -2.654,  -0.099,   8.898
220118581,   0.288,   0.049,  -0.051,  -2.768,   0.310,   9.222
220137797,   0.290,   0.038,  -0.068,  -2.710,   0.388,   9.235
220157013,   0.271,   0.046,  -0.072,  -2.671,   0.308,   9.471
220178632,   0.205,   0.013,  -0.058,  -2.612,   0.328,   9.472
220197847,   0.150,   0.012,  -0.031,  -2.623,  -0.067,   9.390
220217064,   0.167,   0.005,   0.009,  -2.597,   0.107,   9.296
220238685,   0.111,   0.028,  -0.001,  -2.763,   0.247,   9.410
220257899,   0.071,  -0.031,  -0.004,  -2.838,   0.561,   9.752
220277115,   0.061,  -0.053,   0.006,  -2.885,   0.436,   9.515
220298736,   0.075,  -0.050,   0.021,  -2.859,   0.527,   9.451
220317949,   0.038,  -0.012,   0.004,  -2.635,   0.541,   9.508
220337166,   0.029,  -0.039,  -0.006,  -2.605,   0.585,   9.758
220358785,   0.048,  -0.010,   0.000,  -2.381,   0.400,   9.484
220378001,  -0.001,  -0.013,  -0.012,  -2.278,   0.581,   9.338
220399622,  -0.055,   0.011,  -0.018,  -2.412,   0.652,   9.426
220418838,  -0.043,   0.001,  -0.001,  -2.660,   0.382,   9.439
220438052,  -0.038,   0.016,   0.009,  -2.850,   0.421,   9.784
220459673,  -0.051,  -0.026,  -0.019,  -2.623,   0.455,   9.667
220478888,  -0.026,  -0.032,  -0.032,  -2.639,   0.378,   9.274
220498103,  -0.010,  -0.007,  -0.042,  -2.611,   0.420,   9.495
220519723,   0.005,  -0.028,  -0.020,  -2.519,   0.336,   9.438
220538939,  -0.012,  -0.039,  -0.003,  -2.515,   0.289,   9.223
220558154,   0.004,  -0.059,  -0.001,  -2.500,   0.406,   9.243
220579775,   0.000,  -0.059,  -0.021,  -2.706,   0.504,   9.372
220598990,  -0.004,  -0.055,  -0.028,  -2.725,   0.453,   9.499
220618206,   0.004,  -0.088,  -0.022,  -2.764,   0.374,   9.481
220637422,  -0.025,  -0.095,  -0.018,  -2.655,   0.437,   9.571
220659042,  -0.022,  -0.101,  -0.021,  -2.480,   0.296,   9.394
220678257,   0.037,  -0.077,  -0.018,  -2.410,   0.339,   9.481
220697474,  -0.010,  -0.078,  -0.040,  -2.316,   0.546,   9.420
220719094,  -0.007,  -0.058,  -0.029,  -2.423,   0.231,   9.514
220738309,   0.065,  -0.064,  -0.010,  -2.428,   0.442,   9.463
220757525,   0.017,  -0.062,  -0.037,  -2.473,   0.527,   9.375
220779143,  -0.012,  -0.047,  -0.046,  -2.478,   0.324,   9.436
220798361,   0.022,  -0.027,  -0.028,  -2.433,   0.360,   9.594
220817575,  -0.007,  -0.071,  -0.031,  -2.348,   0.415,   9.595
220839197,  -0.038,  -0.060,  -0.028,  -2.338,   0.169,   9.424
220858412,   0.019,  -0.028,  -0.012,  -2.367,   0.417,   9.326
220877627,  -0.018,  -0.037,  -0.029,  -2.478,   0.577,   9.677
220899248,  -0.029,  -0.027,  -0.025,  -2.395,   0.188,   9.606
220918462,   0.043,  -0.061,  -0.017,  -2.331,   0.400,   9.480
220937678,   0.026,  -0.031,  -0.032,  -2.360,   0.397,   9.222
220959299,  -0.004,  -0.031,  -0.043,  -2.494,   0.462,   9.504
220978514,  -0.018,  -0.062,  -0.030,  -2.580,   0.397,   9.535
220997729,  -0.049,  -0.089,  -0.023,  -2.520,   0.496,   9.461
221019348,  -0.022,  -0.097,  -0.016,  -2.516,   0.204,   9.412
221038565,  -0.030,  -0.081,  -0.031,  -2.494,   0.339,   9.486
221057780,  -0.034,  -0.076,  -0.040,  -2.355,   0.146,   9.542
221079400,   0.058,  -0.079,  -0.023,  -2.294,   0.212,   9.592
221098615,   0.035,  -0.061,  -0.031,  -2.186,   0.198,   9.400
221117831,   0.005,  -0.082,  -0.039,  -2.216,   0.470,   9.465
221139452,   0.001,  -0.056,  -0.039,  -2.321,   0.498,   9.603
221158667,  -0.010,  -0.060,  -0.030,  -2.248,   0.379,   9.651
221177882,  -0.035,  -0.071,  -0.029,  -2.267,   0.365,   9.508
221199502,  -0.022,  -0.059,  -0.026,  -2.220,   0.306,   9.486
221218719,  -0.053,  -0.037,  -0.036,  -2.312,   0.266,   9.599
221237933,  -0.053,  -0.061,  -0.032,  -2.393,   0.206,   9.807
221259553,  -0.005,  -0.080,  -0.019,  -2.337,   0.142,   9.449
221278770,  -0.010,  -0.077,  -0.025,  -2.312,   0.150,   9.338
221297985,   0.006,  -0.055,  -0.021,  -2.282,   0.175,   9.395
221319605,   0.014,  -0.084,  -0.020,  -2.316,   0.087,   9.838
221338819,   0.021,  -0.128,  -0.015,  -2.229,   0.247,   9.514
221360439,   0.014,  -0.110,  -0.019,  -2.191,   0.205,   9.173
221379655,   0.015,  -0.081,  -0.019,  -2.136,   0.401,   9.430
221398872,   0.025,  -0.094,  -0.016,  -2.228,   0.289,   9.801
221420491,   0.038,  -0.115,  -0.020,  -2.097,   0.244,   9.732
221439707,   0.020,  -0.098,  -0.030,  -1.931,   0.279,   9.338
221458924,   0.022,  -0.054,  -0.018,  -1.896,   0.243,   9.377
221480543,   0.029,  -0.035,  -0.007,  -2.008,   0.365,   9.709
221499759,   0.019,  -0.054,  -0.010,  -2.066,   0.370,   9.940
221518975,   0.026,  -0.053,  -0.015,  -2.029,   0.255,   9.702
221540594,   0.023,  -0.035,  -0.019,  -1.950,   0.257,   9.535
221559811,   0.029,  -0.018,  -0.017,  -1.945,   0.245,   9.635
221581428,   0.033,  -0.013,  -0.021,  -1.984,   0.312,   9.869
221600644,   0.030,  -0.017,  -0.018,  -1.949,   0.254,   9.680
221619861,   0.018,  -0.025,  -0.014,  -1.991,   0.299,   9.492
221641478,   0.036,  -0.012,  -0.011,  -2.057,   0.275,   9.497
221660694,   0.037,  -0.025,  -0.020,  -2.076,   0.321,   9.750
221679911,   0.026,  -0.037,  -0.030,  -2.137,   0.334,   9.693
221701531,   0.029,  -0.039,  -0.031,  -2.096,   0.256,   9.699
221720745,   0.040,  -0.036,  -0.030,  -2.040,   0.431,   9.472
221739962,   0.019,  -0.023,  -0.037,  -2.082,   0.366,   9.605
221761580,   0.039,  -0.009,  -0.031,  -2.010,   0.414,   9.756
221780796,   0.014,  -0.004,  -0.040,  -1.957,   0.427,   9.763
221800014,  -0.003,   0.007,  -0.042,  -1.875,   0.492,   9.686
221821631,  -0.022,   0.028,  -0.040,  -1.888,   0.378,   9.626
221840847,  -0.034,   0.037,  -0.033,  -1.943,   0.333,   9.677
221860065,  -0.019,   0.035,  -0.027,  -2.000,   0.266,   9.710
221881681,  -0.021,   0.032,  -0.035,  -2.078,   0.227,   9.608
221900898,  -0.010,   0.039,  -0.040,  -2.123,   0.221,   9.653
221920116,  -0.004,   0.045,  -0.039,  -2.119,   0.225,   9.611
221941733,   0.003,   0.036,  -0.031,  -2.118,   0.272,   9.528
221960949,   0.006,   0.032,  -0.026,  -2.199,   0.366,   9.400
221980167,   0.010,   0.026,  -0.027,  -2.251,   0.350,   9.413
222001784,   0.007,   0.016,  -0.022,  -2.343,   0.320,   9.414
222021000,  -0.002,   0.003,  -0.018,  -2.321,   0.281,   9.422
222040218,   0.001,  -0.012,  -0.010,  -2.275,   0.249,   9.285
222059435,   0.009,  -0.027,  -0.009,  -2.279,   0.242,   9.310
222081052,   0.030,  -0.044,  -0.002,  -2.332,   0.150,   9.423
222100270,   0.035,  -0.063,   0.002,  -2.318,   0.200,   9.445
222119487,   0.027,  -0.086,   0.004,  -2.285,   0.226,   9.479
222141103,   0.027,  -0.099,  -0.004,  -2.265,   0.347,   9.498
222160322,   0.040,  -0.095,  -0.009,  -2.214,   0.406,   9.632
222179538,   0.054,  -0.086,  -0.009,  -2.077,   0.360,   9.720
222201156,   0.045,  -0.080,  -0.012,  -1.880,   0.323,   9.697
222220372,   0.032,  -0.072,  -0.022,  -1.815,   0.379,   9.685
222239588,   0.030,  -0.060,  -0.026,  -1.811,   0.324,   9.718
222261206,   0.048,  -0.038,  -0.013,  -1.874,   0.311,   9.794
222280423,   0.055,  -0.019,  -0.013,  -1.930,   0.352,   9.842
222299641,   0.061,   0.002,  -0.023,  -1.956,   0.351,   9.873
222321257,   0.070,   0.030,  -0.029,  -1.862,   0.316,   9.868
222340475,   0.079,   0.051,  -0.031,  -1.804,   0.376,   9.835
222359691,   0.084,   0.066,  -0.037,  -1.762,   0.417,   9.770
222381308,   0.087,   0.072,  -0.043,  -1.786,   0.455,   9.720
222400526,   0.083,   0.081,  -0.044,  -1.913,   0.492,   9.665
222419743,   0.081,   0.085,  -0.053,  -2.108,   0.552,   9.637
222441358,   0.088,   0.100,  -0.065,  -2.243,   0.544,   9.727
222462977,   0.087,   0.120,  -0.072,  -2.254,   0.493,   9.739
222482193,   0.074,   0.127,  -0.071,  -2.152,   0.433,   9.636
222501410,   0.056,   0.121,  -0.062,  -2.136,   0.457,   9.520
222523028,   0.047,   0.124,  -0.056,  -2.194,   0.491,   9.491
222542245,   0.050,   0.131,  -0.050,  -2.281,   0.515,   9.542
222561461,   0.044,   0.128,  -0.049,  -2.299,   0.517,   9.552
222583079,   0.026,   0.121,  -0.052,  -2.326,   0.553,   9.520
222602295,   0.021,   0.121,  -0.053,  -2.372,   0.506,   9.484
222621512,   0.025,   0.132,  -0.042,  -2.395,   0.478,   9.469
222643130,   0.014,   0.124,  -0.035,  -2.460,   0.492,   9.445
222662347,  -0.001,   0.107,  -0.038,  -2.542,   0.538,   9.448
222681563,  -0.004,   0.110,  -0.036,  -2.577,   0.515,   9.429
222703182,   0.004,   0.117,  -0.032,  -2.643,   0.524,   9.448
222722398,   0.006,   0.111,  -0.026,  -2.667,   0.444,   9.448
222741614,   0.001,   0.095,  -0.018,  -2.654,   0.413,   9.400
222763233,   0.000,   0.085,  -0.019,  -2.631,   0.464,   9.321
222782449,   0.019,   0.080,  -0.026,  -2.634,   0.488,   9.314
222801665,   0.051,   0.068,  -0.029,  -2.691,   0.450,   9.423
222823285,   0.086,   0.074,  -0.025,  -2.720,   0.371,   9.583
222842500,   0.099,   0.082,  -0.023,  -2.701,   0.356,   9.566
222861718,   0.104,   0.083,  -0.029,  -2.665,   0.459,   9.491
222883338,   0.103,   0.079,  -0.034,  -2.633,   0.529,   9.408
222902554,   0.104,   0.076,  -0.034,  -2.641,   0.640,   9.390
222921768,   0.097,   0.079,  -0.033,  -2.694,   0.692,   9.362
222943388,   0.077,   0.070,  -0.032,  -2.818,   0.757,   9.304
222962604,   0.054,   0.059,  -0.031,  -2.914,   0.781,   9.243
222981820,   0.042,   0.048,  -0.042,  -3.002,   0.753,   9.220
223003440,   0.038,   0.046,  -0.040,  -3.011,   0.691,   9.214
223022656,   0.031,   0.037,  -0.036,  -3.012,   0.627,   9.259
223041870,   0.016,   0.022,  -0.030,  -2.968,   0.581,   9.252
223063490,   0.003,   0.001,  -0.019,  -2.939,   0.576,   9.186
223082705,   0.003,  -0.013,  -0.011,  -2.959,   0.593,   9.189
223101921,   0.012,  -0.022,  -0.004,  -3.012,   0.591,   9.189
223123541,   0.018,  -0.038,   0.000,  -3.043,   0.597,   9.250
223142756,   0.029,  -0.058,   0.003,  -3.002,   0.566,   9.289
223161973,   0.036,  -0.064,   0.006,  -2.899,   0.553,   9.347
223183593,   0.037,  -0.051,   0.007,  -2.788,   0.602,   9.433
223202808,   0.032,  -0.048,   0.011,  -2.691,   0.645,   9.439
223224428,   0.015,  -0.050,   0.016,  -2.622,   0.721,   9.420
223243644,   0.006,  -0.051,   0.020,  -2.676,   0.737,   9.445
223262858,   0.010,  -0.029,   0.018,  -2.781,   0.827,   9.417
223284479,  -0.011,  -0.017,   0.004,  -2.850,   0.766,   9.552
223303694,  -0.015,  -0.010,   0.009,  -2.797,   0.667,   9.448
223322910,  -0.045,  -0.001,   0.014,  -2.661,   0.597,   9.551
223344530,  -0.056,   0.004,   0.020,  -2.624,   0.691,   9.422
223363747,  -0.055,   0.005,   0.020,  -2.667,   0.680,   9.316
223382961,  -0.043,  -0.005,   0.019,  -2.801,   0.666,   9.281
223404581,  -0.013,  -0.019,   0.014,  -2.877,   0.625,   9.292
223423797,  -0.005,  -0.022,   0.006,  -2.953,   0.626,   9.280
223443012,   0.006,  -0.027,   0.000,  -2.939,   0.576,   9.368
223464633,   0.025,  -0.036,   0.004,  -2.883,   0.585,   9.339
223483849,   0.017,  -0.043,   0.003,  -2.852,   0.631,   9.334
223503063,   0.016,  -0.035,   0.004,  -2.864,   0.686,   9.359
223524684,   0.022,  -0.032,  -0.001,  -2.872,   0.755,   9.416
223543901,   0.022,  -0.029,  -0.012,  -2.834,   0.783,   9.490
223563115,   0.012,  -0.021,  -0.022,  -2.686,   0.703,   9.533
223584735,  -0.003,   0.001,  -0.027,  -2.538,   0.723,   9.596
223603951,  -0.003,   0.031,  -0.035,  -2.510,   0.819,   9.611
223623166,  -0.013,   0.045,  -0.044,  -2.514,   0.789,   9.564
223642384,  -0.017,   0.054,  -0.045,  -2.557,   0.754,   9.547
223664003,  -0.011,   0.076,  -0.051,  -2.637,   0.674,   9.503
223683218,   0.026,   0.099,  -0.058,  -2.703,   0.506,   9.465
223702433,   0.033,   0.099,  -0.064,  -2.780,   0.479,   9.492
223724055,   0.013,   0.105,  -0.068,  -2.903,   0.524,   9.442
223743269,   0.003,   0.116,  -0.062,  -2.956,   0.589,   9.399
223762484,   0.000,   0.121,  -0.044,  -3.008,   0.576,   9.299
223784105,  -0.006,   0.110,  -0.025,  -2.998,   0.554,   9.164
223803321,  -0.028,   0.085,  -0.016,  -3.059,   0.527,   9.094
223822535,  -0.040,   0.063,  -0.012,  -3.190,   0.515,   9.054
223844156,  -0.045,   0.029,  -0.002,  -3.328,   0.444,   9.028
223863373,  -0.035,  -0.009,   0.014,  -3.451,   0.406,   9.007
223882587,  -0.032,  -0.048,   0.020,  -3.492,   0.460,   8.944
223904208,  -0.028,  -0.079,   0.016,  -3.459,   0.490,   8.950
223923423,  -0.013,  -0.101,   0.013,  -3.342,   0.506,   9.020
223945043,   0.011,  -0.125,   0.019,  -3.148,   0.516,   9.165
223964258,   0.022,  -0.140,   0.020,  -2.950,   0.523,   9.246
223983473,   0.028,  -0.147,   0.022,  -2.828,   0.487,   9.309
224005093,   0.023,  -0.144,   0.027,  -2.804,   0.532,   9.388
224024310,   0.027,  -0.132,   0.023,  -2.885,   0.668,   9.496
224043526,   0.026,  -0.117,   0.019,  -2.871,   0.650,   9.600
224065144,   0.027,  -0.091,   0.018,  -2.694,   0.579,   9.722
224084361,   0.036,  -0.047,   0.014,  -2.601,   0.694,   9.657
224103577,   0.027,  -0.018,   0.003,  -2.382,   0.696,   9.624
224125196,   0.001,  -0.011,  -0.011,  -2.368,   0.698,   9.539
224144411,  -0.001,  -0.003,  -0.004,  -2.565,   0.693,   9.438
224163629,  -0.007,   0.012,   0.003,  -2.720,   0.697,   9.364
224185248,  -0.026,   0.010,  -0.001,  -2.920,   0.649,   9.329
224204462,  -0.027,  -0.013,   0.001,  -3.023,   0.497,   9.358
224223678,  -0.012,  -0.023,   0.011,  -3.078,   0.409,   9.266
224245298,  -0.003,  -0.040,   0.028,  -3.034,   0.382,   9.115
224264513,   0.010,  -0.071,   0.031,  -3.075,   0.480,   9.101
224283731,   0.038,  -0.094,   0.030,  -3.151,   0.526,   9.216
224305348,   0.051,  -0.102,   0.023,  -3.164,   0.588,   9.337
224324565,   0.051,  -0.086,   0.011,  -3.056,   0.612,   9.445
224343783,   0.040,  -0.064,  -0.002,  -2.798,   0.718,   9.574
224365401,   0.018,  -0.031,  -0.013,  -2.542,   0.769,   9.659
224384615,   0.003,  -0.017,  -0.015,  -2.361,   0.776,   9.620
224403833,  -0.001,  -0.003,  -0.012,  -2.240,   0.788,   9.572
224425452,  -0.006,   0.009,  -0.004,  -2.284,   0.753,   9.499
224444668,  -0.026,   0.015,  -0.006,  -2.437,   0.684,   9.460
224463883,  -0.033,   0.016,  -0.006,  -2.660,   0.667,   9.528
224485502,  -0.039,   0.020,  -0.010,  -2.826,   0.640,   9.479
224504717,  -0.037,   0.019,  -0.017,  -2.957,   0.581,   9.326
224523935,  -0.034,   0.015,  -0.014,  -3.053,   0.480,   9.295
224545553,  -0.028,   0.014,  -0.009,  -3.080,   0.408,   9.295
224564768,  -0.025,   0.014,  -0.005,  -3.116,   0.429,   9.323
224583987,  -0.023,   0.004,  -0.004,  -3.038,   0.429,   9.281
224605605,  -0.016,  -0.014,   0.001,  -2.946,   0.473,   9.224
224624820,  -0.006,  -0.036,   0.002,  -2.890,   0.555,   9.208
224644037,   0.017,  -0.051,   0.005,  -2.853,   0.565,   9.234
224665654,   0.036,  -0.060,   0.006,  -2.825,   0.517,   9.311
224684871,   0.034,  -0.059,   0.003,  -2.841,   0.510,   9.447
224704088,   0.035,  -0.059,   0.005,  -2.791,   0.478,   9.502
224725705,   0.035,  -0.045,   0.003,  -2.709,   0.591,   9.540
224744924,   0.029,  -0.018,  -0.007,  -2.702,   0.713,   9.528
224764140,   0.010,  -0.006,  -0.013,  -2.642,   0.716,   9.486
224785756,  -0.006,  -0.011,  -0.005,  -2.601,   0.669,   9.411
224804975,  -0.014,  -0.020,   0.001,  -2.594,   0.615,   9.393
224824190,  -0.010,  -0.017,   0.000,  -2.628,   0.607,   9.371
224843407,  -0.002,  -0.014,  -0.001,  -2.761,   0.500,   9.426
224865026,   0.004,  -0.013,   0.001,  -2.841,   0.478,   9.466
224884243,  -0.001,  -0.007,  -0.003,  -2.895,   0.530,   9.443
224903459,   0.000,  -0.001,  -0.011,  -2.899,   0.578,   9.382
224925076,   0.012,   0.000,  -0.011,  -2.855,   0.627,   9.334
224944292,   0.009,  -0.009,  -0.014,  -2.812,   0.624,   9.325
224963509,   0.002,  -0.018,  -0.013,  -2.774,   0.569,   9.356
224985128,   0.004,  -0.020,  -0.007,  -2.731,   0.498,   9.368
225004346,   0.012,  -0.021,  -0.004,  -2.738,   0.530,   9.381
225023562,   0.010,  -0.032,  -0.007,  -2.798,   0.557,   9.350
225045180,   0.013,  -0.045,  -0.003,  -2.834,   0.527,   9.364
225064396,   0.029,  -0.037,  -0.003,  -2.868,   0.542,   9.370
225083612,  -0.009,  -0.030,  -0.016,  -2.798,   0.721,   9.405
225105230,  -0.005,  -0.037,  -0.011,  -2.774,   0.603,   9.457
225124448,   0.011,  -0.016,  -0.005,  -2.694,   0.639,   9.569
225143664,  -0.019,   0.000,  -0.012,  -2.618,   0.547,   9.472
225165282,  -0.018,  -0.002,  -0.007,  -2.618,   0.503,   9.471
225184499,   0.004,  -0.001,   0.000,  -2.605,   0.492,   9.450
225203715,   0.001,  -0.001,   0.001,  -2.667,   0.553,   9.390
225225334,  -0.012,   0.000,  -0.001,  -2.768,   0.549,   9.388
225244549,   0.000,   0.002,   0.002,  -2.836,   0.549,   9.418
225266166,   0.000,   0.009,   0.001,  -2.877,   0.587,   9.416
225287784,  -0.020,   0.002,  -0.010,  -2.873,   0.564,   9.359
225307001,  -0.023,   0.000,  -0.014,  -2.866,   0.555,   9.341
225328622,  -0.015,  -0.002,  -0.011,  -2.795,   0.490,   9.341
225347836,  -0.007,  -0.009,  -0.002,  -2.768,   0.454,   9.353
225367052,  -0.010,  -0.019,   0.004,  -2.777,   0.429,   9.380
225388672,  -0.001,  -0.019,   0.009,  -2.780,   0.418,   9.410
225407887,   0.005,  -0.015,   0.016,  -2.781,   0.432,   9.393
225429507,   0.001,  -0.027,   0.013,  -2.824,   0.527,   9.329
225448724,   0.007,  -0.033,   0.013,  -2.868,   0.579,   9.369
225467937,   0.010,  -0.026,   0.011,  -2.824,   0.571,   9.429
225489558,   0.002,  -0.016,   0.003,  -2.759,   0.589,   9.455
225508775,  -0.007,  -0.007,  -0.003,  -2.738,   0.587,   9.462
225530394,  -0.010,  -0.003,  -0.009,  -2.691,   0.558,   9.466
225549607,  -0.018,  -0.002,  -0.004,  -2.690,   0.538,   9.467
225571226,  -0.044,   0.013,   0.000,  -2.671,   0.539,   9.515
225592844,  -0.076,   0.022,   0.009,  -2.688,   0.516,   9.484
225612062,  -0.092,   0.023,   0.016,  -2.782,   0.500,   9.429
225633680,  -0.103,   0.028,   0.018,  -2.836,   0.494,   9.412
225652897,  -0.130,   0.036,   0.016,  -2.880,   0.449,   9.442
225672113,  -0.154,   0.050,   0.019,  -2.886,   0.405,   9.405
225693732,  -0.177,   0.054,   0.017,  -2.884,   0.429,   9.425
225712949,  -0.221,   0.044,   0.011,  -2.913,   0.526,   9.399
225732164,  -0.214,   0.051,   0.010,  -2.901,   0.344,   9.265
225753782,  -0.190,   0.055,   0.015,  -2.849,   0.256,   9.332
225772999,  -0.203,   0.053,   0.011,  -2.814,   0.157,   9.308
225792218,  -0.215,   0.042,   0.009,  -2.876,   0.132,   9.311
225811431,  -0.200,   0.030,   0.010,  -3.004,  -0.031,   9.299
225833050,  -0.166,   0.018,   0.033,  -3.041,  -0.060,   9.259
225852266,  -0.150,   0.014,   0.031,  -3.054,  -0.097,   9.275
225871482,  -0.119,   0.007,   0.021,  -3.114,  -0.057,   9.338
225893103,  -0.063,  -0.002,   0.009,  -3.162,  -0.095,   9.297
225912317,  -0.029,  -0.012,  -0.010,  -3.111,  -0.084,   9.272
225931533,  -0.005,  -0.016,  -0.021,  -3.022,  -0.103,   9.293
225953153,   0.015,  -0.022,  -0.020,  -2.917,  -0.095,   9.393
225972370,   0.012,  -0.027,  -0.017,  -2.864,  -0.034,   9.463
225991586,   0.003,  -0.020,  -0.011,  -2.814,  -0.029,   9.445
226013203,   0.000,  -0.013,  -0.003,  -2.865,   0.010,   9.404
226032422,  -0.003,  -0.012,  -0.005,  -2.915,   0.049,   9.384
226051637,  -0.015,  -0.012,  -0.009,  -2.967,  -0.014,   9.388
226073255,  -0.011,  -0.006,  -0.013,  -2.994,  -0.032,   9.402
226092472,   0.000,   0.001,  -0.017,  -2.984,  -0.062,   9.384
226111689,  -0.004,   0.005,  -0.023,  -2.984,  -0.061,   9.410
226133307,  -0.018,   0.006,  -0.022,  -2.927,  -0.115,   9.359
226152524,  -0.016,  -0.002,  -0.015,  -2.956,  -0.059,   9.315
226171737,  -0.011,  -0.005,  -0.010,  -3.007,  -0.063,   9.272
226193358,  -0.010,  -0.015,  -0.006,  -3.069,  -0.090,   9.303
226212573,  -0.007,  -0.020,  -0.004,  -3.052,  -0.151,   9.321
226231789,  -0.005,  -0.021,  -0.005,  -3.036,  -0.141,   9.357
226253410,   0.010,  -0.023,  -0.006,  -3.014,  -0.166,   9.345
226272624,   0.020,  -0.026,  -0.004,  -3.018,  -0.099,   9.325
226291840,   0.019,  -0.034,  -0.009,  -3.026,  -0.042,   9.303
226313462,   0.021,  -0.033,  -0.011,  -3.010,  -0.022,   9.380
226332675,   0.004,  -0.021,  -0.014,  -2.915,   0.001,   9.431
226351891,  -0.009,  -0.017,  -0.007,  -2.835,  -0.084,   9.387
226373513,  -0.003,  -0.021,   0.003,  -2.865,  -0.056,   9.390
226392726,  -0.005,  -0.020,  -0.003,  -2.935,  -0.032,   9.374
226414345,  -0.007,  -0.015,  -0.009,  -2.971,  -0.105,   9.351
226433564,   0.002,  -0.011,  -0.004,  -2.990,  -0.139,   9.366
226452777,   0.012,  -0.013,  -0.007,  -2.998,  -0.107,   9.394
226474399,   0.014,  -0.014,  -0.015,  -3.031,  -0.087,   9.394
226493615,   0.017,  -0.009,  -0.019,  -2.976,  -0.102,   9.346
226512828,   0.016,  -0.010,  -0.013,  -2.963,  -0.127,   9.309
226534448,   0.011,  -0.019,  -0.009,  -2.999,  -0.063,   9.321
226553665,   0.007,  -0.028,  -0.006,  -3.018,  -0.055,   9.313
226572879,   0.012,  -0.028,  -0.009,  -2.975,  -0.090,   9.346
226594500,   0.019,  -0.022,  -0.006,  -2.994,  -0.170,   9.390
226613717,   0.019,  -0.023,  -0.002,  -2.962,  -0.145,   9.400
226632931,   0.015,  -0.027,  -0.004,  -2.944,  -0.062,   9.396
226654551,   0.020,  -0.027,  -0.005,  -2.915,  -0.041,   9.339
226673769,   0.021,  -0.020,  -0.006,  -2.943,   0.000,   9.358
226692985,   0.010,  -0.019,  -0.007,  -2.963,  -0.019,   9.390
226714603,  -0.001,  -0.026,  -0.003,  -2.934,  -0.049,   9.356
226733819,   0.005,  -0.026,  -0.003,  -2.950,  -0.049,   9.369
226755437,   0.009,  -0.018,  -0.011,  -2.950,  -0.059,   9.362
226774655,   0.010,  -0.014,  -0.016,  -2.964,  -0.030,   9.406
226793871,   0.007,  -0.013,  -0.019,  -2.980,  -0.048,   9.425
226815487,  -0.002,  -0.009,  -0.013,  -2.945,  -0.078,   9.396
226834706,  -0.002,  -0.009,  -0.009,  -2.883,  -0.075,   9.331
226853922,   0.006,  -0.016,  -0.009,  -2.931,  -0.055,   9.320
226875540,   0.010,  -0.018,  -0.013,  -2.988,  -0.062,   9.376
226894756,   0.004,  -0.016,  -0.015,  -3.007,  -0.102,   9.422
226913972,   0.005,  -0.007,  -0.011,  -2.988,  -0.138,   9.395
226935591,   0.012,  -0.014,  -0.005,  -2.904,  -0.134,   9.303
226954809,   0.018,  -0.030,  -0.003,  -2.931,  -0.095,   9.266
226974024,   0.022,  -0.035,  -0.004,  -2.974,  -0.051,   9.311
226995642,   0.017,  -0.033,  -0.004,  -3.014,  -0.049,   9.382
227014859,   0.012,  -0.032,  -0.005,  -3.006,  -0.020,   9.400
227034076,   0.013,  -0.037,  -0.006,  -2.978,  -0.018,   9.370
227055694,   0.005,  -0.028,  -0.006,  -2.932,  -0.115,   9.406
227074910,   0.004,  -0.022,   0.000,  -2.893,  -0.130,   9.410
227094127,   0.010,  -0.025,   0.003,  -2.870,  -0.101,   9.374
227115744,   0.019,  -0.037,  -0.001,  -2.885,  -0.045,   9.332
227134962,   0.022,  -0.042,  -0.006,  -2.949,  -0.024,   9.368
227154177,   0.017,  -0.030,  -0.009,  -2.946,  -0.041,   9.424
227173393,   0.006,  -0.021,  -0.007,  -2.946,  -0.022,   9.467
227195012,   0.001,  -0.026,  -0.009,  -2.861,  -0.028,   9.398
227214229,   0.004,  -0.029,  -0.010,  -2.847,  -0.063,   9.368
227233446,   0.006,  -0.013,  -0.009,  -2.883,  -0.053,   9.410
227255064,   0.005,  -0.004,  -0.012,  -2.904,  -0.057,   9.459
227274281,   0.005,  -0.013,  -0.014,  -2.899,  -0.057,   9.416
227293494,   0.006,  -0.019,  -0.015,  -2.878,  -0.075,   9.354
227315114,   0.003,  -0.012,  -0.013,  -2.902,  -0.037,   9.362
227334332,   0.000,  -0.003,  -0.012,  -2.957,  -0.075,   9.384
227353548,   0.001,  -0.011,  -0.009,  -2.926,  -0.091,   9.366
227375166,   0.004,  -0.022,  -0.006,  -2.916,  -0.103,   9.329
227394382,   0.012,  -0.023,  -0.010,  -2.884,  -0.087,   9.339
227413598,   0.019,  -0.015,  -0.011,  -2.922,  -0.078,   9.359
227435218,   0.016,  -0.016,  -0.009,  -2.957,  -0.078,   9.412
227454436,   0.010,  -0.023,  -0.007,  -2.951,  -0.028,   9.398
227473650,   0.009,  -0.020,  -0.005,  -2.892,  -0.043,   9.343
227495268,   0.014,  -0.019,  -0.009,  -2.892,  -0.056,   9.340
227514485,   0.013,  -0.020,  -0.009,  -2.867,  -0.097,   9.393
227533700,   0.012,  -0.026,  -0.002,  -2.883,  -0.080,   9.436
227555320,   0.010,  -0.020,  -0.006,  -2.902,  -0.016,   9.419
227574535,   0.010,  -0.009,  -0.006,  -2.909,  -0.019,   9.386
227593752,   0.002,  -0.005,  -0.005,  -2.917,  -0.036,   9.398
227615371,   0.003,  -0.011,  -0.003,  -2.867,  -0.057,   9.404
227634587,   0.006,  -0.013,  -0.014,  -2.855,  -0.018,   9.430
227653804,   0.010,   0.001,  -0.020,  -2.871,  -0.061,   9.438
227675422,   0.000,   0.012,  -0.016,  -2.927,  -0.068,   9.418
227694637,  -0.009,   0.002,  -0.011,  -2.923,  -0.053,   9.368
227713854,  -0.003,  -0.007,  -0.009,  -2.927,  -0.030,   9.323
227735474,   0.001,  -0.009,  -0.017,  -2.943,  -0.089,   9.332
227754690,   0.005,  -0.001,  -0.019,  -2.993,  -0.105,   9.370
227773905,   0.005,  -0.005,  -0.015,  -2.994,  -0.130,   9.399
227795525,   0.009,  -0.014,  -0.014,  -2.945,  -0.090,   9.343
227814741,   0.014,  -0.015,  -0.011,  -2.911,  -0.086,   9.301
227833956,   0.015,  -0.017,  -0.009,  -2.905,  -0.062,   9.298
227855576,   0.017,  -0.022,  -0.009,  -2.950,  -0.053,   9.414
227874792,   0.012,  -0.020,  -0.009,  -2.953,  -0.044,   9.435
227894007,   0.006,  -0.012,  -0.011,  -2.914,  -0.083,   9.411
227915628,   0.010,  -0.004,  -0.012,  -2.897,  -0.071,   9.380
227934843,   0.011,  -0.010,  -0.015,  -2.938,  -0.053,   9.348
227954060,   0.007,  -0.017,  -0.017,  -2.939,  -0.047,   9.356
227975678,   0.016,  -0.017,  -0.013,  -2.940,  -0.087,   9.371
227994893,   0.028,  -0.013,  -0.014,  -2.889,  -0.102,   9.377
228014110,   0.018,  -0.018,  -0.014,  -2.876,  -0.098,   9.360
228035729,   0.004,  -0.014,  -0.013,  -2.952,  -0.099,   9.480
228054946,  -0.013,  -0.001,  -0.005,  -2.998,   0.005,   9.417
228074161,  -0.028,   0.011,   0.000,  -2.928,  -0.080,   9.431
228095779,  -0.005,   0.003,   0.003,  -2.870,  -0.013,   9.333
228114996,  -0.004,  -0.010,  -0.011,  -2.911,  -0.036,   9.295
228134212,   0.010,  -0.002,  -0.021,  -2.946,  -0.093,   9.317
228153429,   0.019,  -0.006,  -0.017,  -2.986,  -0.180,   9.383
228175047,   0.018,  -0.016,  -0.012,  -2.963,  -0.125,   9.359
228194265,   0.016,  -0.019,  -0.013,  -2.956,  -0.042,   9.345
228213480,   0.014,  -0.015,  -0.018,  -2.964,  -0.034,   9.372
228235097,  -0.011,   0.000,  -0.007,  -2.941,  -0.186,   9.258
228254315,  -0.034,  -0.005,  -0.007,  -2.941,   0.017,   9.501
228273532,   0.000,  -0.011,   0.002,  -2.968,  -0.145,   9.380
228295151,   0.003,  -0.011,  -0.001,  -2.904,  -0.127,   9.277
228314366,  -0.002,  -0.014,  -0.012,  -2.978,  -0.129,   9.317
228333582,   0.006,  -0.019,  -0.012,  -3.066,  -0.085,   9.334
228355202,   0.029,  -0.028,  -0.010,  -3.037,  -0.032,   9.356
228374415,   0.009,  -0.030,  -0.014,  -2.987,  -0.040,   9.346
228393634,  -0.013,  -0.016,  -0.018,  -2.958,  -0.098,   9.416
228415252,   0.006,  -0.015,  -0.005,  -2.898,  -0.093,   9.369
228434467,  -0.001,  -0.027,  -0.006,  -2.897,  -0.129,   9.376
228453685,  -0.006,  -0.031,  -0.007,  -2.899,  -0.121,   9.358
228475303,  -0.006,  -0.029,  -0.004,  -2.910,  -0.115,   9.329
228494519,  -0.009,  -0.031,   0.001,  -2.921,  -0.068,   9.284
228513736,  -0.014,  -0.042,  -0.002,  -2.945,  -0.044,   9.416
228535354,  -0.012,  -0.031,  -0.009,  -2.970,  -0.004,   9.447
228554571,  -0.011,  -0.011,  -0.014,  -2.935,  -0.157,   9.471
228573787,  -0.005,  -0.004,  -0.014,  -2.901,  -0.165,   9.451
228595405,  -0.003,  -0.003,  -0.016,  -2.850,  -0.169,   9.424
228614622,  -0.003,  -0.003,  -0.015,  -2.810,  -0.132,   9.398
228633838,   0.004,  -0.002,  -0.012,  -2.842,  -0.113,   9.380
228655457,   0.003,  -0.001,  -0.010,  -2.885,  -0.086,   9.400
228674673,  -0.004,  -0.003,  -0.006,  -2.932,  -0.128,   9.394
228696290,  -0.010,  -0.005,  -0.005,  -2.987,  -0.144,   9.376
228715507,  -0.005,  -0.003,  -0.006,  -3.028,  -0.148,   9.354
228734725,   0.000,  -0.001,  -0.010,  -3.023,  -0.174,   9.319
228756341,   0.006,  -0.004,  -0.011,  -2.988,  -0.163,   9.325
228775559,   0.013,  -0.011,  -0.014,  -2.980,  -0.132,   9.377
228794776,   0.016,  -0.010,  -0.016,  -2.971,  -0.126,   9.351
228816393,   0.015,  -0.006,  -0.010,  -2.961,  -0.190,   9.360
228835611,   0.004,  -0.012,  -0.002,  -2.914,  -0.172,   9.354
228854827,  -0.001,  -0.022,   0.002,  -2.925,  -0.141,   9.333
228876445,   0.001,  -0.028,   0.007,  -2.965,  -0.133,   9.321
228895663,   0.003,  -0.030,   0.006,  -3.008,  -0.127,   9.298
228914878,   0.007,  -0.038,  -0.001,  -3.029,  -0.084,   9.293
228936495,   0.005,  -0.047,  -0.010,  -3.034,  -0.101,   9.310
228955711,   0.012,  -0.051,  -0.013,  -3.011,  -0.113,   9.331
228974929,   0.018,  -0.046,  -0.012,  -2.971,  -0.158,   9.388
228996546,   0.014,  -0.036,  -0.013,  -2.934,  -0.133,   9.436
229015762,   0.012,  -0.033,  -0.017,  -2.890,  -0.130,   9.473
229034980,   0.013,  -0.028,  -0.019,  -2.822,  -0.128,   9.433
229056597,   0.019,  -0.022,  -0.018,  -2.794,  -0.081,   9.400
229078217,   0.018,  -0.020,  -0.019,  -2.814,  -0.062,   9.371
229097433,   0.013,  -0.028,  -0.019,  -2.882,  -0.109,   9.380
229116648,   0.002,  -0.028,  -0.016,  -2.932,  -0.125,   9.408
229138269,  -0.002,  -0.020,  -0.012,  -2.965,  -0.180,   9.398
229157485,   0.003,  -0.015,  -0.005,  -2.933,  -0.205,   9.383
229176699,   0.005,  -0.018,  -0.005,  -2.931,  -0.215,   9.389
229198319,   0.012,  -0.021,  -0.005,  -2.922,  -0.178,   9.382
229217535,   0.013,  -0.020,  -0.004,  -2.908,  -0.123,   9.356
229236750,   0.015,  -0.021,  -0.005,  -2.873,  -0.096,   9.346
229258372,   0.012,  -0.028,  -0.002,  -2.884,  -0.066,   9.339
229277587,   0.003,  -0.035,  -0.004,  -2.909,  -0.063,   9.352
229296801,   0.000,  -0.033,  -0.005,  -2.904,  -0.117,   9.382
229318422,  -0.001,  -0.031,   0.000,  -2.902,  -0.187,   9.406
229337639,   0.001,  -0.032,   0.000,  -2.903,  -0.165,   9.407
229356852,   0.003,  -0.036,  -0.004,  -2.925,  -0.160,   9.395
229378473,   0.015,  -0.031,  -0.007,  -2.932,  -0.116,   9.399
229397690,   0.016,  -0.021,  -0.007,  -2.873,  -0.146,   9.419
229419307,   0.014,  -0.021,  -0.004,  -2.814,  -0.098,   9.412
229438524,   0.004,  -0.029,  -0.006,  -2.792,  -0.078,   9.411
229457738,   0.005,  -0.025,  -0.007,  -2.795,  -0.065,   9.416
229479358,   0.009,  -0.015,  -0.006,  -2.834,  -0.115,   9.445
229498576,   0.004,  -0.012,  -0.007,  -2.849,  -0.107,   9.441
229517792,   0.000,  -0.014,  -0.010,  -2.892,  -0.147,   9.442
229539410,   0.002,  -0.006,  -0.013,  -2.896,  -0.133,   9.417
229558628,   0.011,   0.001,  -0.014,  -2.882,  -0.135,   9.390
229577843,   0.015,  -0.002,  -0.013,  -2.885,  -0.142,   9.377
229599462,   0.013,  -0.011,  -0.015,  -2.886,  -0.130,   9.372
229618678,   0.014,  -0.016,  -0.016,  -2.914,  -0.113,   9.339
229637894,   0.014,  -0.017,  -0.014,  -2.867,  -0.117,   9.327
229659512,   0.012,  -0.020,  -0.018,  -2.884,  -0.084,   9.389
229678729,   0.009,  -0.027,  -0.019,  -2.895,  -0.121,   9.408
229697946,   0.004,  -0.025,  -0.015,  -2.879,  -0.141,   9.450
229719564,   0.001,  -0.019,  -0.010,  -2.819,  -0.200,   9.438
229738781,   0.004,  -0.018,  -0.007,  -2.856,  -0.148,   9.400
229757996,   0.004,  -0.022,  -0.006,  -2.874,  -0.162,   9.386
229779615,   0.005,  -0.027,  -0.006,  -2.862,  -0.138,   9.388
229798831,   0.006,  -0.022,  -0.006,  -2.856,  -0.099,   9.407
229818048,   0.004,  -0.023,  -0.011,  -2.841,  -0.092,   9.384
229839666,  -0.002,  -0.031,  -0.011,  -2.859,  -0.090,   9.354
229858883,  -0.015,  -0.040,  -0.016,  -2.846,  -0.062,   9.347
229880502,  -0.022,  -0.042,  -0.015,  -2.837,  -0.116,   9.369
229899717,  -0.029,  -0.045,   0.000,  -2.880,  -0.309,   9.277
229918934,  -0.013,  -0.084,   0.027,  -2.944,  -0.399,   9.231
229940553,  -0.009,  -0.143,   0.061,  -2.908,  -0.587,   8.953
229959769,   0.054,  -0.232,   0.077,  -2.868,  -0.551,   8.093
229981385,   0.151,  -0.506,   0.099,  -3.315,  -1.161,   6.790
230000603,   0.108,  -0.997,   0.151,  -3.424,  -0.087,   5.356
230019820,   0.403,  -1.444,   0.115,  -2.616,  -3.153,   6.575
230041436,   0.147,  -2.082,   0.224,  -3.460,  -1.785,   5.793
230060656,   0.183,  -2.365,   0.094,  -3.148,   0.341,   5.283
230079871,   0.334,  -2.891,   0.064,  -3.423,  -0.320,   4.967
230101488,   0.452,  -3.192,   0.069,  -4.152,   0.441,   4.908
230120706,   0.456,  -3.564,   0.058,  -3.668,  -0.285,   5.752
230139923,   0.506,  -3.839,   0.062,  -3.566,   0.963,   4.811
230161539,   0.568,  -4.324,   0.096,  -1.162,   0.180,   4.322
230180756,   0.735,  -5.074,   0.259,  23.389,   7.400,  27.128
230199974,   0.108,   0.380,  -1.002,   7.444,   6.388,  37.207
230221590,  -0.456,   0.795,  -0.424,   5.700,   2.993,   7.248
230240806,  -0.669,   0.956,  -0.417,   2.035,   0.603,   3.697
230260026,  -0.365,   0.019,  -0.486,  -2.087,   1.288,   3.486
230281641,   0.047,  -1.082,  -0.208,   5.435,  -1.461,   7.661
230303260,  -0.444,  -0.142,  -0.078,  16.389,  -0.873,  11.186
230322476,  -0.088,   0.007,  -0.055,   4.234,  -1.991,   6.624
230341692,  -0.026,  -0.131,  -0.097,   6.955,  -0.056,   8.267
230363312,   0.222,   0.140,   0.020,   5.417,   1.393,   7.301
230382527,   0.287,   0.157,   0.088,   3.206,   0.303,   8.370
230401746,   0.244,   0.071,   0.095,   3.366,   0.776,   9.686
230423364,   0.070,  -0.043,   0.076,   3.684,   1.214,  10.288
230442580,   0.005,   0.020,   0.000,   3.467,   0.885,   9.347
230461796,  -0.007,   0.017,  -0.061,   2.971,   0.739,   8.728
230483415,  -0.013,  -0.022,  -0.080,   3.242,   0.502,   9.435
230502630,  -0.009,  -0.015,  -0.055,   3.401,   0.395,   9.760
230521847,   0.017,  -0.019,  -0.016,   3.018,   0.461,   9.449
230543464,   0.028,  -0.001,   0.010,   3.163,   0.587,   9.182
230562682,   0.047,   0.016,   0.004,   3.036,   0.678,   9.307
230581897,   0.037,  -0.009,  -0.015,   3.034,   0.741,   9.499
230603518,   0.012,  -0.026,  -0.029,   3.226,   0.702,   9.522
230622732,   0.001,  -0.028,  -0.016,   3.201,   0.600,   9.272
230641948,   0.007,  -0.025,   0.006,   3.309,   0.541,   9.230
230663569,   0.014,  -0.011,   0.016,   3.435,   0.575,   9.283
[230669 ms] [WARN] LIDAR1 returned invalid or weak signal (Dist=65535, Strength=87)
[230679 ms] [WARN] LIDAR1 returned invalid or weak signal (Dist=65535, Strength=32)
230682783,   0.011,  -0.017,   0.011,   3.522,   0.593,   9.319
[230689 ms] [WARN] LIDAR1 returned invalid or weak signal (Dist=65535, Strength=909)
230701999,   0.004,  -0.026,  -0.001,   3.570,   0.721,   9.287
230723618,   0.007,  -0.022,  -0.016,   3.629,   0.607,   9.190
230742834,   0.011,  -0.014,  -0.020,   3.654,   0.587,   9.175
230764455,   0.007,  -0.014,  -0.011,   3.678,   0.521,   9.173
230783671,   0.007,  -0.016,   0.002,   3.723,   0.588,   9.199
230802885,   0.009,  -0.019,   0.003,   3.747,   0.579,   9.201
230824505,   0.009,  -0.017,  -0.005,   3.727,   0.591,   9.121
230843722,   0.007,  -0.016,  -0.016,   3.723,   0.590,   9.164
230865340,   0.007,  -0.013,  -0.017,   3.742,   0.591,   9.171
230884557,   0.010,  -0.016,  -0.011,   3.730,   0.561,   9.141
230903773,   0.010,  -0.017,  -0.005,   3.720,   0.565,   9.157
230925391,   0.011,  -0.011,  -0.004,   3.704,   0.573,   9.168
230944607,   0.010,  -0.011,  -0.010,   3.673,   0.601,   9.214
230963825,   0.010,  -0.018,  -0.016,   3.631,   0.564,   9.228
230985443,   0.004,  -0.016,  -0.018,   3.620,   0.600,   9.199
231004659,   0.011,  -0.014,  -0.013,   3.593,   0.605,   9.188
231023875,   0.010,  -0.013,  -0.011,   3.579,   0.577,   9.231
231045494,   0.006,  -0.014,  -0.009,   3.538,   0.583,   9.236
231064710,   0.009,  -0.014,  -0.010,   3.544,   0.601,   9.249
231083927,   0.011,  -0.015,  -0.012,   3.534,   0.585,   9.256
231105545,   0.009,  -0.015,  -0.013,   3.506,   0.601,   9.230
231124762,   0.005,  -0.014,  -0.013,   3.523,   0.585,   9.231
231143978,   0.002,  -0.012,  -0.007,   3.506,   0.613,   9.205
231165597,  -0.005,  -0.010,  -0.005,   3.522,   0.651,   9.177
231184813,  -0.016,  -0.005,  -0.001,   3.541,   0.727,   9.303
231206429,  -0.006,  -0.009,   0.001,   3.504,   0.565,   9.310
231225647,   0.011,  -0.009,  -0.007,   3.579,   0.280,   9.145
231244864,   0.004,  -0.018,  -0.007,   3.429,   0.538,   9.266
231266480,   0.021,  -0.014,  -0.013,   3.591,   0.492,   9.254
231285698,   0.015,  -0.013,  -0.009,   3.611,   0.596,   9.254
231304915,  -0.006,  -0.012,  -0.005,   3.557,   0.747,   9.132
231326532,  -0.007,  -0.006,  -0.004,   3.636,   0.685,   9.206
231345750,  -0.022,   0.001,  -0.002,   3.627,   0.667,   9.277
231364966,  -0.094,   0.015,  -0.001,   3.729,   0.708,   9.390
231386584,  -0.148,   0.020,   0.004,   3.614,   0.706,   9.168
231405799,  -0.153,   0.025,   0.014,   3.471,   0.644,   9.062
231425017,  -0.147,   0.040,   0.022,   3.541,   0.581,   9.105
231446635,  -0.154,   0.064,   0.028,   3.572,   0.442,   9.217
231465850,  -0.151,   0.065,   0.039,   3.449,   0.427,   9.291
231487470,  -0.176,   0.070,   0.045,   3.593,   0.417,   9.151
231506685,  -0.189,   0.078,   0.044,   3.562,   0.314,   9.308
231528305,  -0.167,   0.067,   0.039,   3.433,   0.193,   9.315
231547520,  -0.174,   0.053,   0.026,   3.463,   0.172,   9.316
231566736,  -0.164,   0.054,   0.019,   3.450,   0.071,   9.357
231588357,  -0.141,   0.071,   0.018,   3.418,   0.019,   9.376
231607571,  -0.099,   0.091,   0.025,   3.419,   0.073,   9.436
231626787,  -0.049,   0.104,   0.030,   3.444,  -0.010,   9.296
231648408,  -0.036,   0.092,   0.028,   3.320,  -0.004,   9.164
231667622,  -0.030,   0.091,   0.031,   3.351,  -0.026,   9.357
231686839,  -0.025,   0.103,   0.027,   3.414,   0.099,   9.532
231708459,  -0.002,   0.089,   0.027,   3.190,   0.017,   9.345
231727673,  -0.012,   0.082,   0.020,   3.284,   0.034,   9.382
231749295,  -0.051,   0.093,   0.017,   3.201,   0.139,   9.387
231768509,  -0.064,   0.108,   0.019,   3.218,   0.084,   9.425
231790129,  -0.060,   0.111,   0.029,   3.152,   0.163,   9.275
231809346,  -0.054,   0.116,   0.038,   3.125,  -0.095,   9.360
231828561,  -0.083,   0.120,   0.036,   3.108,   0.007,   9.390
231850180,  -0.065,   0.119,   0.025,   3.120,  -0.169,   9.436
231869396,  -0.035,   0.111,   0.022,   3.066,  -0.224,   9.400
231888613,   0.001,   0.109,   0.021,   3.081,  -0.333,   9.435
231910230,   0.016,   0.104,   0.026,   3.024,  -0.273,   9.479
231929446,   0.019,   0.107,   0.023,   3.043,  -0.147,   9.516
231948662,   0.026,   0.117,   0.021,   3.013,  -0.011,   9.478
231970281,   0.014,   0.124,   0.021,   2.992,   0.061,   9.420
231989498,  -0.002,   0.127,   0.028,   2.946,   0.029,   9.478
232008714,  -0.033,   0.128,   0.028,   2.922,  -0.031,   9.551
232030332,  -0.040,   0.125,   0.026,   2.808,  -0.067,   9.425
232049550,  -0.038,   0.119,   0.020,   2.777,  -0.117,   9.302
232068765,  -0.065,   0.097,   0.016,   2.710,  -0.184,   9.267
232090383,  -0.004,   0.103,   0.018,   2.814,  -0.196,   9.862
232109600,   0.020,   0.132,   0.019,   2.819,  -0.280,   9.891
232131217,   0.018,   0.109,   0.019,   2.554,  -0.235,   9.164
232150434,   0.031,   0.069,   0.015,   2.544,  -0.200,   9.213
232169652,   0.066,   0.104,   0.014,   2.698,  -0.079,   9.915
232191268,   0.030,   0.144,   0.013,   2.704,  -0.051,   9.858
232210487,  -0.010,   0.099,   0.012,   2.406,  -0.006,   9.196
232229704,  -0.021,   0.053,   0.005,   2.464,   0.028,   9.206
232251319,  -0.040,   0.097,   0.009,   2.659,  -0.087,   9.898
232270539,  -0.049,   0.132,   0.011,   2.555,  -0.148,   9.760
232289754,   0.001,   0.096,   0.015,   2.391,  -0.183,   9.346
232311371,   0.016,   0.054,   0.015,   2.437,  -0.334,   9.462
232330589,   0.011,   0.096,   0.011,   2.588,  -0.368,  10.153
232349805,   0.076,   0.131,   0.009,   2.428,  -0.311,   9.852
232371423,   0.101,   0.084,   0.011,   2.296,  -0.174,   9.012
232390639,   0.039,   0.058,   0.013,   2.380,  -0.044,   9.423
232409856,   0.012,   0.113,   0.010,   2.557,   0.147,  10.232
232431473,   0.012,   0.149,   0.009,   2.318,   0.139,   9.864
232450690,  -0.023,   0.083,   0.007,   2.160,  -0.142,   8.944
232469908,  -0.022,   0.037,   0.005,   2.281,  -0.242,   9.218
232491524,  -0.022,   0.119,   0.001,   2.512,  -0.340,  10.425
232510741,   0.007,   0.131,   0.002,   2.067,  -0.183,   9.783
232529960,   0.027,   0.060,   0.006,   2.061,  -0.196,   8.987
232551575,   0.015,   0.053,   0.004,   2.223,  -0.150,   9.545
232570792,   0.015,   0.119,   0.006,   2.431,  -0.028,  10.311
232590010,   0.004,   0.119,   0.005,   2.047,  -0.083,   9.763
232611626,   0.019,   0.027,   0.006,   1.938,  -0.213,   9.080
232630843,   0.035,   0.019,   0.003,   2.096,  -0.332,   9.712
232650061,   0.067,   0.123,   0.005,   2.299,  -0.395,  10.398
232671678,   0.089,   0.108,   0.015,   1.890,  -0.250,   9.420
232690894,   0.052,   0.006,   0.007,   1.902,   0.017,   8.950
232712516,   0.018,   0.032,  -0.005,   2.237,   0.024,  10.115
232731729,   0.036,   0.154,   0.001,   2.322,   0.029,  10.406
232753349,   0.016,   0.094,   0.015,   1.765,  -0.099,   9.078
232772565,  -0.014,   0.001,   0.010,   1.939,  -0.097,   8.998
232791780,  -0.002,   0.067,  -0.006,   2.117,  -0.187,  10.416
232813401,   0.000,   0.176,  -0.007,   2.044,  -0.031,  10.050
232832616,  -0.014,   0.064,   0.003,   1.699,  -0.080,   8.991
232851831,  -0.026,  -0.022,   0.007,   1.777,  -0.031,   9.305
232873453,  -0.001,   0.119,  -0.006,   2.156,  -0.170,  10.646
232892667,  -0.009,   0.165,  -0.004,   1.852,  -0.081,   9.855
232911883,   0.001,   0.010,   0.003,   1.610,  -0.140,   8.932
232933502,   0.012,  -0.013,   0.001,   1.886,  -0.305,   9.872
232952720,   0.060,   0.127,   0.001,   1.982,  -0.145,  10.345
232971936,   0.079,   0.108,   0.007,   1.684,  -0.210,   9.484
232993554,   0.017,  -0.033,   0.001,   1.689,  -0.004,   9.400
233012771,   0.034,   0.013,  -0.006,   1.864,   0.000,  10.161
233031986,   0.035,   0.119,  -0.003,   1.827,  -0.089,   9.873
233053606,   0.040,   0.038,   0.011,   1.610,  -0.119,   9.134
233072822,   0.010,  -0.026,   0.003,   1.835,  -0.073,   9.760
233092036,   0.002,   0.076,  -0.012,   1.959,  -0.134,  10.682
233113656,   0.038,   0.121,  -0.005,   1.579,  -0.103,   9.578
233132873,   0.035,  -0.005,   0.006,   1.456,  -0.138,   8.825
233152087,   0.028,  -0.027,   0.006,   1.704,  -0.122,   9.874
233173709,   0.033,   0.115,  -0.006,   1.834,   0.072,  10.549
233192924,  -0.001,   0.083,  -0.007,   1.548,   0.071,   9.344
233214543,   0.012,  -0.034,  -0.001,   1.565,  -0.047,   9.188
233233760,   0.035,   0.022,  -0.001,   1.731,  -0.140,  10.246
233252974,   0.021,   0.120,  -0.002,   1.723,  -0.102,  10.300
233274594,   0.011,   0.040,   0.002,   1.490,  -0.014,   9.123
233293811,   0.019,  -0.025,   0.000,   1.535,  -0.044,   9.469
233313027,   0.055,   0.054,  -0.006,   1.689,  -0.069,  10.413
233334644,   0.050,   0.108,   0.000,   1.566,  -0.092,   9.823
233353861,   0.043,   0.004,   0.007,   1.396,  -0.091,   9.012
233375479,   0.034,  -0.021,   0.001,   1.534,  -0.008,   9.984
233394696,   0.048,   0.087,  -0.007,   1.727,  -0.019,  10.627
233413912,   0.032,   0.084,  -0.004,   1.488,   0.012,   9.481
233435530,   0.039,  -0.037,   0.004,   1.341,  -0.055,   9.116
233454748,   0.031,  -0.006,   0.000,   1.663,  -0.020,  10.232
233476364,   0.017,   0.088,  -0.012,   1.575,   0.081,  10.347
233495581,   0.014,   0.016,  -0.011,   1.310,  -0.007,   9.183
233514797,   0.011,  -0.060,  -0.005,   1.378,   0.043,   9.325
233536415,   0.007,   0.029,  -0.009,   1.613,   0.059,  10.720
233555633,  -0.002,   0.098,  -0.009,   1.572,   0.054,  10.011
233574851,  -0.010,   0.002,  -0.006,   1.273,   0.010,   8.924
233596466,   0.010,  -0.049,  -0.003,   1.359,  -0.051,   9.722
233615685,   0.017,   0.058,  -0.015,   1.845,   0.066,  10.550
233634902,   0.004,   0.068,  -0.016,   1.413,   0.050,   9.747
233656517,   0.007,  -0.045,  -0.007,   1.255,  -0.087,   9.062
233675735,   0.027,  -0.021,  -0.002,   1.396,  -0.031,   9.996
233694951,   0.020,   0.076,  -0.004,   1.535,   0.068,  10.525
233716568,   0.005,   0.026,  -0.009,   1.387,   0.004,   9.455
233735787,   0.001,  -0.062,  -0.014,   1.305,   0.040,   9.210
233755004,   0.020,   0.002,  -0.009,   1.492,  -0.010,  10.206
233776620,   0.006,   0.080,  -0.004,   1.459,   0.031,  10.271
233795838,   0.006,   0.001,  -0.004,   1.313,   0.016,   9.253
233815055,   0.001,  -0.048,  -0.012,   1.259,  -0.047,   9.414
233836671,   0.021,   0.038,  -0.012,   1.413,   0.017,  10.480
233855889,   0.012,   0.056,  -0.004,   1.472,   0.028,   9.923
233875105,   0.017,  -0.022,  -0.003,   1.328,  -0.005,   9.265
233896723,   0.012,  -0.017,  -0.010,   1.330,  -0.002,   9.785
233915940,   0.019,   0.049,  -0.011,   1.411,   0.041,  10.172
233935158,   0.014,   0.022,  -0.005,   1.332,   0.000,   9.738
233954374,   0.014,  -0.032,  -0.005,   1.289,   0.032,   9.491
233975992,   0.011,   0.015,  -0.011,   1.349,  -0.008,  10.076
233995209,   0.004,   0.045,  -0.011,   1.421,   0.080,   9.984
234014425,   0.012,   0.004,  -0.006,   1.346,   0.038,   9.597
234036043,  -0.004,  -0.020,  -0.007,   1.323,  -0.028,   9.569
234055260,   0.009,   0.019,  -0.010,   1.294,   0.017,  10.118
234074476,   0.003,   0.031,  -0.011,   1.302,  -0.024,   9.890
234096093,   0.003,  -0.016,  -0.011,   1.304,   0.017,   9.526
234115311,   0.009,  -0.007,  -0.009,   1.279,  -0.043,   9.862
234134527,   0.014,   0.032,  -0.007,   1.305,   0.059,  10.046
234156144,   0.010,   0.014,  -0.006,   1.294,  -0.031,   9.674
234175362,  -0.001,  -0.017,  -0.011,   1.299,   0.020,   9.577
234194578,   0.002,   0.009,  -0.011,   1.318,  -0.008,   9.941
234216196,  -0.004,   0.029,  -0.010,   1.269,   0.045,   9.947
234235414,   0.003,  -0.002,  -0.010,   1.283,  -0.031,   9.612
234254629,   0.009,  -0.009,  -0.006,   1.301,  -0.110,   9.704
234276247,   0.027,   0.010,  -0.005,   1.255,  -0.045,   9.897
234295465,   0.034,   0.003,  -0.006,   1.223,  -0.026,   9.819
234314681,   0.023,  -0.007,  -0.006,   1.251,   0.028,   9.730
234336299,   0.027,  -0.007,  -0.009,   1.221,   0.099,   9.807
234355516,   0.020,  -0.005,  -0.005,   1.244,   0.037,   9.843
234374733,   0.015,  -0.009,  -0.006,   1.287,   0.062,   9.809
234396351,   0.022,  -0.010,  -0.005,   1.237,  -0.048,   9.833
234415567,   0.023,  -0.003,  -0.007,   1.223,  -0.019,   9.823
234434785,   0.035,  -0.003,  -0.005,   1.270,  -0.001,   9.811
234456400,   0.028,  -0.011,  -0.007,   1.237,   0.053,   9.794
234475619,   0.022,  -0.009,  -0.009,   1.246,   0.147,   9.809
234494835,   0.016,  -0.009,  -0.007,   1.228,   0.084,   9.788
234516453,   0.005,  -0.015,  -0.010,   1.252,   0.073,   9.809
234535669,   0.004,  -0.016,  -0.010,   1.240,   0.071,   9.800
234554886,   0.007,  -0.014,  -0.009,   1.270,  -0.008,   9.809
234576502,   0.010,  -0.012,  -0.009,   1.238,  -0.005,   9.833
234595719,   0.019,  -0.010,  -0.006,   1.261,   0.020,   9.875
234614937,   0.019,  -0.010,  -0.007,   1.249,   0.025,   9.775
234636554,   0.013,  -0.016,  -0.010,   1.222,   0.090,   9.788
234655771,   0.007,  -0.015,  -0.011,   1.216,   0.109,   9.791
234674989,   0.005,  -0.015,  -0.011,   1.240,   0.065,   9.861
234696605,   0.003,  -0.015,  -0.010,   1.244,   0.032,   9.781
234715823,   0.003,  -0.015,  -0.009,   1.240,   0.014,   9.811
234735040,   0.011,  -0.011,  -0.011,   1.231,   0.011,   9.870
234756657,   0.010,  -0.015,  -0.011,   1.217,   0.059,   9.783
234775873,   0.010,  -0.016,  -0.010,   1.239,   0.063,   9.807
234795091,   0.006,  -0.014,  -0.010,   1.223,   0.075,   9.838
234816708,   0.004,  -0.014,  -0.011,   1.253,   0.050,   9.801
234835926,   0.005,  -0.015,  -0.010,   1.233,   0.014,   9.809
234855142,   0.007,  -0.014,  -0.009,   1.235,   0.026,   9.812
234876758,   0.010,  -0.015,  -0.009,   1.238,   0.019,   9.809
234895976,   0.009,  -0.016,  -0.011,   1.228,   0.050,   9.820
234915193,   0.009,  -0.013,  -0.011,   1.227,   0.043,   9.830
234934410,   0.006,  -0.016,  -0.010,   1.231,   0.059,   9.795
234956026,   0.005,  -0.015,  -0.011,   1.241,   0.050,   9.827
234975244,   0.007,  -0.014,  -0.011,   1.235,   0.025,   9.824
234994459,   0.009,  -0.014,  -0.012,   1.235,   0.037,   9.831
235016078,   0.009,  -0.016,  -0.011,   1.219,   0.038,   9.821
235035295,   0.010,  -0.015,  -0.011,   1.226,   0.050,   9.814
235054512,   0.007,  -0.016,  -0.011,   1.237,   0.049,   9.814
235076129,   0.006,  -0.015,  -0.010,   1.235,   0.054,   9.799
235095347,   0.006,  -0.015,  -0.011,   1.233,   0.051,   9.803
235114563,   0.007,  -0.015,  -0.011,   1.222,   0.038,   9.817
235136181,   0.009,  -0.016,  -0.011,   1.227,   0.045,   9.833
235155397,   0.009,  -0.014,  -0.011,   1.217,   0.043,   9.812
235174613,   0.009,  -0.016,  -0.011,   1.226,   0.061,   9.811
235196231,   0.009,  -0.016,  -0.012,   1.232,   0.057,   9.803
235215450,   0.009,  -0.015,  -0.011,   1.233,   0.056,   9.825
235234665,   0.010,  -0.013,  -0.011,   1.239,   0.038,   9.808
235256282,   0.009,  -0.015,  -0.010,   1.234,   0.040,   9.807
235275501,   0.009,  -0.016,  -0.011,   1.240,   0.042,   9.813
235294716,   0.010,  -0.014,  -0.009,   1.221,   0.037,   9.811
235316334,   0.009,  -0.014,  -0.011,   1.228,   0.034,   9.807
235335553,   0.007,  -0.013,  -0.010,   1.225,   0.050,   9.829
235354768,   0.007,  -0.015,  -0.011,   1.233,   0.032,   9.811
235376386,   0.007,  -0.015,  -0.010,   1.227,   0.038,   9.807
235395603,   0.009,  -0.015,  -0.010,   1.214,   0.059,   9.803
235414818,   0.009,  -0.015,  -0.011,   1.227,   0.035,   9.812
235436436,   0.006,  -0.016,  -0.011,   1.239,   0.053,   9.824
235455654,   0.006,  -0.015,  -0.010,   1.235,   0.047,   9.802
235474869,   0.003,  -0.013,  -0.013,   1.235,   0.056,   9.819
235496487,   0.006,  -0.015,  -0.012,   1.226,   0.054,   9.799
235515706,   0.007,  -0.016,  -0.010,   1.223,   0.031,   9.814
235534921,   0.006,  -0.015,  -0.010,   1.229,   0.030,   9.827
235556540,   0.011,  -0.013,  -0.011,   1.237,   0.035,   9.800
235575756,   0.007,  -0.015,  -0.011,   1.214,   0.063,   9.825
235594970,   0.009,  -0.017,  -0.011,   1.221,   0.049,   9.811
235616590,   0.009,  -0.014,  -0.011,   1.220,   0.041,   9.814
235635806,   0.006,  -0.014,  -0.011,   1.249,   0.036,   9.815
235655024,   0.009,  -0.014,  -0.011,   1.239,   0.028,   9.805
235676640,   0.007,  -0.015,  -0.011,   1.221,   0.022,   9.802
235695858,   0.009,  -0.016,  -0.010,   1.225,   0.032,   9.827
235715076,   0.009,  -0.013,  -0.011,   1.235,   0.056,   9.821
235736694,   0.010,  -0.013,  -0.009,   1.234,   0.043,   9.817
235755909,   0.007,  -0.016,  -0.011,   1.251,   0.037,   9.800
235777527,   0.007,  -0.015,  -0.010,   1.220,   0.038,   9.817
235796743,   0.009,  -0.014,  -0.011,   1.217,   0.040,   9.824
235818364,   0.010,  -0.013,  -0.010,   1.213,   0.047,   9.819
235837579,   0.009,  -0.015,  -0.011,   1.241,   0.040,   9.813
235856795,   0.009,  -0.015,  -0.010,   1.225,   0.040,   9.821
235878413,   0.010,  -0.014,  -0.010,   1.228,   0.051,   9.820
235897629,   0.009,  -0.013,  -0.011,   1.255,   0.036,   9.803
235916847,   0.009,  -0.016,  -0.011,   1.245,   0.041,   9.812
235938465,   0.009,  -0.016,  -0.010,   1.226,   0.041,   9.819
235957681,   0.009,  -0.014,  -0.012,   1.229,   0.034,   9.817
235976897,   0.009,  -0.015,  -0.011,   1.225,   0.035,   9.800
235998515,   0.009,  -0.014,  -0.010,   1.221,   0.041,   9.811
236017732,   0.007,  -0.016,  -0.011,   1.222,   0.050,   9.806
236036948,   0.010,  -0.015,  -0.009,   1.227,   0.031,   9.815
236058568,   0.009,  -0.014,  -0.011,   1.227,   0.024,   9.815
236077785,   0.009,  -0.015,  -0.010,   1.231,   0.030,   9.817
236096999,   0.007,  -0.015,  -0.010,   1.246,   0.029,   9.817
236118619,   0.007,  -0.016,  -0.011,   1.226,   0.031,   9.803
236137833,   0.009,  -0.014,  -0.010,   1.223,   0.038,   9.824
236157052,   0.007,  -0.015,  -0.011,   1.229,   0.037,   9.820
236178671,   0.009,  -0.016,  -0.010,   1.231,   0.055,   9.807
236197886,   0.010,  -0.014,  -0.010,   1.238,   0.034,   9.812
236219504,   0.007,  -0.016,  -0.011,   1.220,   0.022,   9.815
236238722,   0.009,  -0.014,  -0.011,   1.244,   0.035,   9.821
236257938,   0.007,  -0.016,  -0.010,   1.227,   0.041,   9.806
236279556,   0.009,  -0.015,  -0.011,   1.225,   0.044,   9.820
236298773,   0.010,  -0.015,  -0.010,   1.215,   0.034,   9.811
236317988,   0.009,  -0.015,  -0.011,   1.227,   0.042,   9.817
236339608,   0.007,  -0.016,  -0.011,   1.238,   0.044,   9.820
236358824,   0.010,  -0.015,  -0.011,   1.245,   0.044,   9.813
236378039,   0.010,  -0.014,  -0.010,   1.241,   0.047,   9.806
236399659,   0.007,  -0.015,  -0.011,   1.231,   0.043,   9.824
236418876,   0.009,  -0.016,  -0.010,   1.225,   0.041,   9.823
236438092,   0.009,  -0.017,  -0.010,   1.246,   0.028,   9.817
236459710,   0.010,  -0.015,  -0.010,   1.235,   0.024,   9.827
236478925,   0.007,  -0.014,  -0.011,   1.225,   0.037,   9.819
236498142,   0.009,  -0.016,  -0.012,   1.231,   0.057,   9.812
236519762,   0.009,  -0.017,  -0.011,   1.231,   0.045,   9.813
236538976,   0.009,  -0.014,  -0.010,   1.235,   0.051,   9.818
236558194,   0.009,  -0.015,  -0.009,   1.232,   0.041,   9.807
236577409,   0.009,  -0.017,  -0.012,   1.231,   0.024,   9.824
236599029,   0.009,  -0.017,  -0.011,   1.239,   0.035,   9.820
236618246,   0.007,  -0.015,  -0.010,   1.231,   0.044,   9.805
236637461,   0.007,  -0.015,  -0.011,   1.233,   0.040,   9.818
236659080,   0.009,  -0.016,  -0.009,   1.220,   0.035,   9.815
236678297,   0.009,  -0.016,  -0.010,   1.250,   0.044,   9.825
236697512,   0.010,  -0.014,  -0.011,   1.243,   0.032,   9.830
236719130,   0.007,  -0.015,  -0.011,   1.241,   0.038,   9.829
236738348,   0.009,  -0.016,  -0.011,   1.231,   0.043,   9.815
236757563,   0.009,  -0.018,  -0.011,   1.247,   0.035,   9.830
236779183,   0.007,  -0.016,  -0.010,   1.223,   0.032,   9.829
236798397,   0.007,  -0.014,  -0.010,   1.223,   0.035,   9.818
236817614,   0.009,  -0.016,  -0.011,   1.212,   0.035,   9.819
236839234,   0.009,  -0.015,  -0.010,   1.216,   0.041,   9.806
236858450,   0.009,  -0.016,  -0.011,   1.234,   0.047,   9.820
236877667,   0.009,  -0.014,  -0.010,   1.212,   0.044,   9.801
236899286,   0.009,  -0.014,  -0.010,   1.226,   0.044,   9.808
236918502,   0.007,  -0.017,  -0.011,   1.233,   0.045,   9.811
236937719,   0.009,  -0.014,  -0.010,   1.209,   0.036,   9.823
236959336,   0.009,  -0.014,  -0.011,   1.222,   0.025,   9.808
236978552,   0.007,  -0.016,  -0.011,   1.227,   0.031,   9.830
236997768,   0.006,  -0.015,  -0.010,   1.234,   0.031,   9.811
237019388,   0.009,  -0.016,  -0.011,   1.246,   0.048,   9.823
237038604,   0.011,  -0.015,  -0.010,   1.223,   0.050,   9.806
237057819,   0.009,  -0.016,  -0.011,   1.229,   0.036,   9.817
237079439,   0.007,  -0.015,  -0.011,   1.221,   0.041,   9.817
237098653,   0.009,  -0.016,  -0.010,   1.228,   0.044,   9.811
237117870,   0.010,  -0.013,  -0.010,   1.228,   0.032,   9.817
237139490,   0.009,  -0.014,  -0.010,   1.234,   0.040,   9.814
237158707,   0.009,  -0.016,  -0.010,   1.227,   0.036,   9.808
237177922,   0.009,  -0.015,  -0.011,   1.251,   0.035,   9.819
237199540,   0.010,  -0.014,  -0.010,   1.231,   0.032,   9.825
237218756,   0.007,  -0.016,  -0.011,   1.235,   0.030,   9.831
237237974,   0.009,  -0.016,  -0.010,   1.225,   0.054,   9.815
237259592,   0.009,  -0.015,  -0.011,   1.223,   0.042,   9.795
237278810,   0.009,  -0.015,  -0.011,   1.231,   0.042,   9.815
237298024,   0.007,  -0.015,  -0.011,   1.239,   0.042,   9.820
237319642,   0.009,  -0.016,  -0.011,   1.235,   0.042,   9.833
237338860,   0.009,  -0.015,  -0.010,   1.216,   0.043,   9.825
237358076,   0.009,  -0.015,  -0.010,   1.220,   0.024,   9.817
237379694,   0.009,  -0.016,  -0.011,   1.240,   0.042,   9.795
237398911,   0.010,  -0.015,  -0.012,   1.231,   0.045,   9.815
237418127,   0.007,  -0.017,  -0.011,   1.217,   0.051,   9.823
237439747,   0.009,  -0.015,  -0.010,   1.243,   0.047,   9.817
237458963,   0.010,  -0.015,  -0.011,   1.227,   0.031,   9.815
237478178,   0.010,  -0.015,  -0.009,   1.227,   0.025,   9.836
237497393,   0.007,  -0.016,  -0.011,   1.240,   0.037,   9.806
237519014,   0.009,  -0.017,  -0.011,   1.228,   0.034,   9.813
237538228,   0.009,  -0.015,  -0.010,   1.234,   0.040,   9.820
237557444,   0.009,  -0.015,  -0.010,   1.243,   0.034,   9.818
237579066,   0.009,  -0.017,  -0.011,   1.243,   0.024,   9.806
237598281,   0.009,  -0.016,  -0.011,   1.238,   0.032,   9.803
237617495,   0.009,  -0.015,  -0.011,   1.233,   0.032,   9.818
237639116,   0.009,  -0.015,  -0.010,   1.235,   0.053,   9.820
237658331,   0.007,  -0.017,  -0.011,   1.226,   0.029,   9.809
237677546,   0.009,  -0.015,  -0.011,   1.232,   0.036,   9.821
237699167,   0.010,  -0.014,  -0.011,   1.227,   0.045,   9.803
237718384,   0.010,  -0.015,  -0.012,   1.220,   0.030,   9.817
237737598,   0.009,  -0.017,  -0.011,   1.229,   0.041,   9.811
237759219,   0.007,  -0.016,  -0.011,   1.222,   0.037,   9.820
237778436,   0.009,  -0.015,  -0.011,   1.228,   0.040,   9.826
237797649,   0.007,  -0.015,  -0.012,   1.239,   0.030,   9.813
237819270,   0.009,  -0.016,  -0.009,   1.227,   0.035,   9.807
237838487,   0.009,  -0.016,  -0.011,   1.220,   0.045,   9.800
237857702,   0.009,  -0.014,  -0.010,   1.227,   0.044,   9.824
237879321,   0.009,  -0.014,  -0.011,   1.216,   0.040,   9.815
237898539,   0.007,  -0.015,  -0.011,   1.239,   0.037,   9.823
237917753,   0.009,  -0.016,  -0.011,   1.239,   0.036,   9.821
237939373,   0.009,  -0.015,  -0.011,   1.225,   0.048,   9.815
237958589,   0.009,  -0.015,  -0.011,   1.219,   0.056,   9.815
237977803,   0.009,  -0.017,  -0.010,   1.238,   0.028,   9.809
237999424,   0.009,  -0.015,  -0.011,   1.200,   0.047,   9.831
238018640,   0.007,  -0.014,  -0.011,   1.228,   0.024,   9.805
238037854,   0.009,  -0.015,  -0.010,   1.235,   0.038,   9.824
238059476,   0.007,  -0.017,  -0.010,   1.240,   0.030,   9.813
238078691,   0.009,  -0.015,  -0.010,   1.226,   0.045,   9.818
238097905,   0.007,  -0.013,  -0.011,   1.216,   0.057,   9.826
238119527,   0.009,  -0.013,  -0.010,   1.239,   0.050,   9.814
238138742,   0.006,  -0.017,  -0.011,   1.225,   0.038,   9.817
238157957,   0.007,  -0.016,  -0.011,   1.225,   0.026,   9.808
238179577,   0.007,  -0.017,  -0.011,   1.226,   0.051,   9.823
238198794,   0.010,  -0.014,  -0.012,   1.219,   0.035,   9.825
238220412,   0.009,  -0.014,  -0.010,   1.240,   0.030,   9.812
238239628,   0.007,  -0.016,  -0.011,   1.225,   0.040,   9.827
238258845,   0.010,  -0.016,  -0.011,   1.222,   0.018,   9.820
238280464,   0.009,  -0.015,  -0.010,   1.221,   0.031,   9.808
238299680,   0.009,  -0.014,  -0.010,   1.240,   0.035,   9.825
238318897,   0.009,  -0.016,  -0.012,   1.238,   0.025,   9.807
238340515,   0.010,  -0.015,  -0.010,   1.231,   0.028,   9.821
238359732,   0.010,  -0.014,  -0.009,   1.227,   0.043,   9.820
238381347,   0.009,  -0.016,  -0.010,   1.214,   0.035,   9.813
238400566,   0.007,  -0.016,  -0.009,   1.227,   0.032,   9.793
238419783,   0.007,  -0.016,  -0.011,   1.221,   0.051,   9.802
238441399,   0.009,  -0.014,  -0.011,   1.244,   0.032,   9.817
238460618,   0.009,  -0.014,  -0.011,   1.237,   0.053,   9.811
238479833,   0.007,  -0.017,  -0.010,   1.234,   0.053,   9.825
238501449,   0.010,  -0.016,  -0.011,   1.267,   0.044,   9.821
238520667,   0.009,  -0.014,  -0.010,   1.238,   0.037,   9.813
238539886,   0.009,  -0.014,  -0.010,   1.237,   0.038,   9.805
238561501,   0.009,  -0.016,  -0.011,   1.217,   0.048,   9.813
238580720,   0.009,  -0.017,  -0.010,   1.212,   0.038,   9.825
238599937,   0.007,  -0.015,  -0.011,   1.216,   0.019,   9.823
238621552,   0.009,  -0.014,  -0.011,   1.250,   0.036,   9.813
238640770,   0.009,  -0.016,  -0.011,   1.225,   0.032,   9.825
238659988,   0.009,  -0.016,  -0.011,   1.235,   0.031,   9.806
238681604,   0.010,  -0.015,  -0.011,   1.220,   0.042,   9.825
238700821,   0.010,  -0.014,  -0.010,   1.220,   0.041,   9.805
238722438,   0.009,  -0.014,  -0.011,   1.233,   0.032,   9.807
238741656,   0.009,  -0.016,  -0.009,   1.240,   0.036,   9.815
238763275,   0.010,  -0.016,  -0.011,   1.226,   0.019,   9.823
238782490,   0.010,  -0.014,  -0.010,   1.223,   0.036,   9.805
238801707,   0.010,  -0.014,  -0.010,   1.226,   0.043,   9.824
238823327,   0.009,  -0.016,  -0.011,   1.235,   0.022,   9.813
238842543,   0.010,  -0.016,  -0.012,   1.243,   0.047,   9.830
238861758,   0.009,  -0.015,  -0.011,   1.217,   0.032,   9.817
238883377,   0.009,  -0.015,  -0.010,   1.227,   0.042,   9.811
238902595,   0.009,  -0.016,  -0.010,   1.228,   0.035,   9.814
238921809,   0.009,  -0.014,  -0.009,   1.232,   0.037,   9.811
238943429,   0.009,  -0.015,  -0.011,   1.223,   0.047,   9.807
238962643,   0.009,  -0.014,  -0.012,   1.243,   0.035,   9.823
238981861,   0.009,  -0.015,  -0.011,   1.222,   0.035,   9.813
239003480,   0.009,  -0.015,  -0.011,   1.238,   0.032,   9.817
239022694,   0.010,  -0.016,  -0.011,   1.220,   0.044,   9.813
239041912,   0.009,  -0.014,  -0.011,   1.221,   0.037,   9.806
239063531,   0.009,  -0.016,  -0.011,   1.239,   0.037,   9.811
239082746,   0.009,  -0.017,  -0.010,   1.220,   0.038,   9.801
239104367,   0.009,  -0.015,  -0.009,   1.239,   0.037,   9.814
239123583,   0.011,  -0.015,  -0.011,   1.241,   0.017,   9.806
239142797,   0.007,  -0.015,  -0.010,   1.200,   0.049,   9.811
239164418,   0.006,  -0.017,  -0.009,   1.222,   0.040,   9.806
239183632,   0.007,  -0.015,  -0.011,   1.233,   0.034,   9.818
239202848,   0.010,  -0.014,  -0.011,   1.229,   0.049,   9.814
239224469,   0.010,  -0.015,  -0.012,   1.241,   0.055,   9.817
239243686,   0.007,  -0.016,  -0.010,   1.233,   0.022,   9.829
239262900,   0.009,  -0.016,  -0.011,   1.228,   0.028,   9.823
239284520,   0.010,  -0.015,  -0.011,   1.228,   0.034,   9.814
239303734,   0.009,  -0.016,  -0.011,   1.234,   0.044,   9.806
239322950,   0.007,  -0.017,  -0.010,   1.241,   0.035,   9.813
239344570,   0.009,  -0.014,  -0.009,   1.234,   0.047,   9.818
239363788,   0.009,  -0.014,  -0.012,   1.227,   0.036,   9.812
239383002,   0.007,  -0.015,  -0.010,   1.239,   0.032,   9.806
239404621,   0.009,  -0.016,  -0.010,   1.246,   0.035,   9.818
239423838,   0.009,  -0.015,  -0.011,   1.240,   0.026,   9.812
239443054,   0.009,  -0.015,  -0.011,   1.222,   0.047,   9.829
239464674,   0.007,  -0.016,  -0.010,   1.222,   0.020,   9.800
239483888,   0.009,  -0.014,  -0.009,   1.239,   0.022,   9.817
239503104,   0.007,  -0.015,  -0.009,   1.207,   0.026,   9.802
239524723,   0.010,  -0.017,  -0.011,   1.229,   0.042,   9.803
239543941,   0.009,  -0.014,  -0.011,   1.220,   0.042,   9.814
239563158,   0.007,  -0.016,  -0.010,   1.231,   0.037,   9.807
239584775,   0.009,  -0.015,  -0.010,   1.238,   0.035,   9.833
239603993,   0.009,  -0.015,  -0.011,   1.221,   0.031,   9.812
239623207,   0.009,  -0.014,  -0.012,   1.235,   0.041,   9.825
239642423,   0.009,  -0.016,  -0.010,   1.245,   0.025,   9.826
239664043,   0.007,  -0.014,  -0.011,   1.222,   0.035,   9.823
239683260,   0.009,  -0.015,  -0.010,   1.214,   0.034,   9.814
239702476,   0.009,  -0.015,  -0.011,   1.233,   0.036,   9.811
239724095,   0.009,  -0.017,  -0.011,   1.225,   0.048,   9.820
239743312,   0.007,  -0.017,  -0.011,   1.241,   0.032,   9.809
239762528,   0.009,  -0.017,  -0.010,   1.228,   0.048,   9.818
239784146,   0.009,  -0.015,  -0.011,   1.223,   0.038,   9.815
239803363,   0.010,  -0.015,  -0.010,   1.239,   0.030,   9.844
239822577,   0.010,  -0.016,  -0.010,   1.215,   0.032,   9.800
239844197,   0.007,  -0.015,  -0.010,   1.239,   0.038,   9.794
239863414,   0.010,  -0.015,  -0.010,   1.227,   0.030,   9.823
239882631,   0.009,  -0.014,  -0.011,   1.217,   0.053,   9.825
239904249,   0.009,  -0.015,  -0.011,   1.217,   0.029,   9.817
239923465,   0.007,  -0.016,  -0.011,   1.229,   0.030,   9.817
239942682,   0.007,  -0.014,  -0.010,   1.244,   0.048,   9.802
239964301,   0.007,  -0.015,  -0.011,   1.216,   0.042,   9.808
239983516,   0.006,  -0.017,  -0.011,   1.232,   0.041,   9.827
240002732,   0.009,  -0.014,  -0.010,   1.220,   0.042,   9.824
240024351,   0.009,  -0.014,  -0.010,   1.226,   0.031,   9.796
240043569,   0.007,  -0.014,  -0.010,   1.231,   0.038,   9.790
240062783,   0.009,  -0.014,  -0.010,   1.233,   0.044,   9.855
240084401,   0.007,  -0.017,  -0.012,   1.214,   0.030,   9.815
240103618,   0.009,  -0.017,  -0.011,   1.229,   0.030,   9.829
240122836,   0.009,  -0.014,  -0.011,   1.219,   0.034,   9.799
240144453,   0.009,  -0.015,  -0.011,   1.241,   0.032,   9.814
240163670,   0.007,  -0.017,  -0.010,   1.244,   0.030,   9.815
240182886,   0.009,  -0.014,  -0.011,   1.226,   0.034,   9.809
240204505,   0.009,  -0.015,  -0.010,   1.221,   0.032,   9.801
240223722,   0.009,  -0.015,  -0.010,   1.210,   0.023,   9.831
240242937,   0.007,  -0.017,  -0.010,   1.228,   0.038,   9.833
240264557,   0.009,  -0.014,  -0.011,   1.219,   0.037,   9.806
240283773,   0.009,  -0.015,  -0.012,   1.233,   0.041,   9.814
240302989,   0.009,  -0.016,  -0.011,   1.232,   0.037,   9.806
240324608,   0.007,  -0.016,  -0.011,   1.222,   0.017,   9.800
240343824,   0.009,  -0.015,  -0.011,   1.225,   0.041,   9.799
240363040,   0.009,  -0.014,  -0.010,   1.232,   0.025,   9.812
240384658,   0.007,  -0.018,  -0.011,   1.221,   0.031,   9.803
240403876,   0.009,  -0.017,  -0.010,   1.238,   0.035,   9.826
240425493,   0.007,  -0.017,  -0.011,   1.225,   0.029,   9.821
240444709,   0.010,  -0.015,  -0.011,   1.231,   0.040,   9.817
240463926,   0.007,  -0.018,  -0.012,   1.219,   0.030,   9.821
240485544,   0.007,  -0.015,  -0.009,   1.220,   0.041,   9.812
240504760,   0.010,  -0.015,  -0.010,   1.232,   0.044,   9.818
240526377,   0.009,  -0.016,  -0.010,   1.215,   0.037,   9.823
240545595,   0.007,  -0.015,  -0.010,   1.217,   0.028,   9.817
240564812,   0.010,  -0.015,  -0.011,   1.232,   0.036,   9.824
240586429,   0.007,  -0.015,  -0.011,   1.234,   0.024,   9.823
240605646,   0.009,  -0.014,  -0.010,   1.223,   0.041,   9.803
240624863,   0.010,  -0.016,  -0.010,   1.228,   0.037,   9.808
240646480,   0.009,  -0.016,  -0.010,   1.228,   0.029,   9.808
240665697,   0.007,  -0.016,  -0.011,   1.231,   0.044,   9.821
240684915,   0.009,  -0.015,  -0.011,   1.220,   0.041,   9.832
240706531,   0.007,  -0.015,  -0.011,   1.232,   0.037,   9.817
240725747,   0.009,  -0.016,  -0.011,   1.228,   0.026,   9.813
240744965,   0.009,  -0.016,  -0.011,   1.238,   0.036,   9.812
240766583,   0.007,  -0.016,  -0.011,   1.226,   0.050,   9.805
240785799,   0.007,  -0.016,  -0.010,   1.238,   0.051,   9.826
240805016,   0.009,  -0.015,  -0.009,   1.213,   0.040,   9.823
240826634,   0.007,  -0.016,  -0.011,   1.223,   0.036,   9.819
240845850,   0.009,  -0.015,  -0.011,   1.225,   0.047,   9.831
240865069,   0.009,  -0.014,  -0.010,   1.220,   0.020,   9.807
240886685,   0.009,  -0.015,  -0.011,   1.233,   0.037,   9.812
240905902,   0.009,  -0.014,  -0.011,   1.229,   0.043,   9.807
240925121,   0.009,  -0.014,  -0.011,   1.234,   0.043,   9.821
240946736,   0.009,  -0.017,  -0.011,   1.226,   0.034,   9.805
240965954,   0.009,  -0.015,  -0.011,   1.250,   0.038,   9.805
240985171,   0.007,  -0.018,  -0.011,   1.233,   0.031,   9.823
241004387,   0.007,  -0.017,  -0.012,   1.228,   0.032,   9.800
241026006,   0.009,  -0.016,  -0.012,   1.215,   0.042,   9.815
241045222,   0.009,  -0.016,  -0.010,   1.240,   0.023,   9.813
241064440,   0.009,  -0.014,  -0.011,   1.219,   0.034,   9.806
241086055,   0.010,  -0.015,  -0.010,   1.231,   0.037,   9.823
241105274,   0.009,  -0.014,  -0.010,   1.241,   0.035,   9.813
241124490,   0.009,  -0.015,  -0.011,   1.232,   0.042,   9.811
241146106,   0.009,  -0.015,  -0.011,   1.223,   0.031,   9.803
241165325,   0.009,  -0.015,  -0.011,   1.243,   0.040,   9.826
241184541,   0.009,  -0.016,  -0.010,   1.229,   0.048,   9.813
241206157,   0.009,  -0.015,  -0.009,   1.225,   0.036,   9.820
241225377,   0.009,  -0.016,  -0.010,   1.219,   0.031,   9.824
241244592,   0.009,  -0.017,  -0.011,   1.232,   0.037,   9.809
241266209,   0.010,  -0.016,  -0.011,   1.222,   0.034,   9.814
241285426,   0.010,  -0.016,  -0.011,   1.225,   0.041,   9.819
241304643,   0.007,  -0.016,  -0.011,   1.216,   0.037,   9.805
241326260,   0.009,  -0.017,  -0.010,   1.233,   0.047,   9.818
241345478,   0.009,  -0.014,  -0.010,   1.232,   0.030,   9.817
241364694,   0.007,  -0.015,  -0.011,   1.249,   0.038,   9.811
241386311,   0.009,  -0.016,  -0.010,   1.241,   0.036,   9.818
241405530,   0.007,  -0.017,  -0.012,   1.235,   0.037,   9.821
241424745,   0.009,  -0.014,  -0.010,   1.219,   0.025,   9.824
241446363,   0.009,  -0.014,  -0.010,   1.231,   0.055,   9.814
241465581,   0.009,  -0.016,  -0.012,   1.217,   0.045,   9.806
241484798,   0.009,  -0.016,  -0.011,   1.239,   0.029,   9.812
241506414,   0.009,  -0.015,  -0.011,   1.226,   0.032,   9.808
241525631,   0.009,  -0.014,  -0.012,   1.228,   0.041,   9.806
241544850,   0.007,  -0.017,  -0.009,   1.233,   0.038,   9.818
241566465,   0.009,  -0.017,  -0.010,   1.219,   0.037,   9.807
241585684,   0.009,  -0.015,  -0.011,   1.234,   0.028,   9.799
241604900,   0.009,  -0.014,  -0.009,   1.229,   0.032,   9.809
