129173237,   0.010,  -0.016,  -0.012,  -0.145,  -0.299,   9.881
129192455,   0.009,  -0.016,  -0.010,  -0.138,  -0.267,   9.876
129211671,   0.010,  -0.017,  -0.011,  -0.134,  -0.245,   9.869
129233291,   0.009,  -0.015,  -0.012,  -0.120,  -0.253,   9.876
129252509,   0.007,  -0.015,  -0.012,  -0.138,  -0.245,   9.884
129271727,   0.006,  -0.016,  -0.010,  -0.134,  -0.273,   9.887
129293345,   0.007,  -0.016,  -0.010,  -0.157,  -0.268,   9.866
129312564,   0.009,  -0.015,  -0.010,  -0.147,  -0.268,   9.866
129331781,   0.010,  -0.016,  -0.012,  -0.128,  -0.273,   9.867
129353399,   0.009,  -0.015,  -0.011,  -0.132,  -0.257,   9.884
129372616,   0.010,  -0.015,  -0.010,  -0.133,  -0.250,   9.867
129391836,   0.007,  -0.016,  -0.012,  -0.146,  -0.260,   9.884
129413453,   0.007,  -0.016,  -0.010,  -0.128,  -0.272,   9.864
129432673,   0.007,  -0.017,  -0.010,  -0.141,  -0.272,   9.869
129451887,   0.009,  -0.015,  -0.012,  -0.138,  -0.279,   9.866
129473507,   0.010,  -0.015,  -0.011,  -0.150,  -0.262,   9.882
129492726,   0.009,  -0.015,  -0.010,  -0.129,  -0.261,   9.862
129511945,   0.007,  -0.016,  -0.011,  -0.141,  -0.260,   9.864
129533561,   0.007,  -0.017,  -0.011,  -0.147,  -0.249,   9.879
129552781,   0.007,  -0.016,  -0.012,  -0.128,  -0.268,   9.878
129571999,   0.009,  -0.016,  -0.010,  -0.152,  -0.268,   9.872
129593617,   0.009,  -0.016,  -0.011,  -0.139,  -0.267,   9.886
129612832,   0.009,  -0.015,  -0.010,  -0.146,  -0.260,   9.874
129632052,   0.009,  -0.015,  -0.011,  -0.153,  -0.261,   9.884
129653671,   0.007,  -0.015,  -0.011,  -0.144,  -0.273,   9.874
129672888,   0.009,  -0.016,  -0.009,  -0.138,  -0.274,   9.863
129694507,   0.007,  -0.015,  -0.011,  -0.130,  -0.261,   9.867
129713725,   0.009,  -0.014,  -0.010,  -0.152,  -0.259,   9.873
129732943,   0.012,  -0.014,  -0.010,  -0.139,  -0.256,   9.861
129754560,   0.023,  -0.010,  -0.006,  -0.097,  -0.284,   9.847
129773777,   0.027,  -0.010,  -0.007,  -0.084,  -0.291,   9.903
129795398,   0.017,  -0.014,  -0.011,  -0.152,  -0.230,   9.920
129814615,   0.017,  -0.014,  -0.010,  -0.181,  -0.195,   9.807
129833832,   0.018,  -0.012,  -0.009,  -0.156,  -0.224,   9.855
129855453,   0.000,  -0.017,  -0.011,  -0.156,  -0.238,   9.934
129874671,   0.007,  -0.017,  -0.012,  -0.138,  -0.241,   9.873
129893888,   0.007,  -0.015,  -0.011,  -0.121,  -0.257,   9.826
129915507,   0.004,  -0.016,  -0.012,  -0.127,  -0.256,   9.905
129934723,   0.012,  -0.015,  -0.011,  -0.126,  -0.260,   9.892
129953943,   0.011,  -0.016,  -0.010,  -0.156,  -0.256,   9.844
129975562,   0.005,  -0.016,  -0.012,  -0.157,  -0.248,   9.884
129994778,   0.009,  -0.015,  -0.011,  -0.145,  -0.243,   9.908
130013994,   0.005,  -0.016,  -0.011,  -0.121,  -0.230,   9.862
130035617,   0.006,  -0.014,  -0.011,  -0.140,  -0.254,   9.860
130054832,   0.010,  -0.015,  -0.010,  -0.136,  -0.275,   9.886
130074049,   0.009,  -0.016,  -0.011,  -0.158,  -0.249,   9.885
130095669,   0.010,  -0.015,  -0.012,  -0.157,  -0.243,   9.855
130114887,   0.007,  -0.015,  -0.011,  -0.156,  -0.249,   9.874
130134105,   0.007,  -0.016,  -0.012,  -0.130,  -0.230,   9.891
130155725,   0.006,  -0.016,  -0.010,  -0.134,  -0.260,   9.878
130174939,   0.006,  -0.014,  -0.011,  -0.134,  -0.245,   9.863
130194158,   0.010,  -0.014,  -0.011,  -0.154,  -0.261,   9.892
130215778,   0.010,  -0.016,  -0.011,  -0.130,  -0.242,   9.873
130234994,   0.007,  -0.016,  -0.011,  -0.153,  -0.251,   9.862
130254212,   0.007,  -0.015,  -0.011,  -0.140,  -0.256,   9.880
130275833,   0.009,  -0.016,  -0.012,  -0.147,  -0.237,   9.863
130295049,   0.005,  -0.016,  -0.011,  -0.148,  -0.244,   9.857
130314266,   0.007,  -0.015,  -0.011,  -0.148,  -0.254,   9.891
130335887,   0.011,  -0.016,  -0.011,  -0.157,  -0.265,   9.866
130355104,   0.009,  -0.015,  -0.011,  -0.133,  -0.254,   9.850
130374319,   0.009,  -0.016,  -0.012,  -0.135,  -0.230,   9.870
130395941,   0.005,  -0.015,  -0.012,  -0.139,  -0.215,   9.891
130415156,   0.005,  -0.016,  -0.011,  -0.142,  -0.247,   9.878
130436778,   0.013,  -0.014,  -0.010,  -0.138,  -0.292,   9.880
130455995,   0.018,  -0.011,  -0.012,  -0.148,  -0.306,   9.894
130477612,   0.013,  -0.016,  -0.013,  -0.145,  -0.261,   9.820
130496832,   0.009,  -0.016,  -0.012,  -0.160,  -0.204,   9.898
130516049,   0.009,  -0.015,  -0.009,  -0.145,  -0.213,   9.898
130537666,   0.003,  -0.017,  -0.010,  -0.157,  -0.247,   9.862
130556887,   0.004,  -0.014,  -0.011,  -0.116,  -0.284,   9.863
130576104,   0.009,  -0.015,  -0.011,  -0.123,  -0.296,   9.866
130597723,   0.013,  -0.016,  -0.011,  -0.135,  -0.286,   9.879
130616940,   0.012,  -0.015,  -0.012,  -0.147,  -0.223,   9.861
130636157,   0.010,  -0.013,  -0.011,  -0.145,  -0.221,   9.867
130657776,   0.005,  -0.017,  -0.013,  -0.144,  -0.235,   9.882
130676995,   0.004,  -0.017,  -0.012,  -0.139,  -0.248,   9.850
130696212,   0.006,  -0.016,  -0.010,  -0.134,  -0.275,   9.874
130717831,   0.010,  -0.016,  -0.011,  -0.133,  -0.277,   9.884
130737048,   0.010,  -0.015,  -0.012,  -0.148,  -0.254,   9.885
130756267,   0.010,  -0.017,  -0.012,  -0.159,  -0.239,   9.870
130777885,   0.009,  -0.016,  -0.011,  -0.142,  -0.230,   9.876
130797102,   0.007,  -0.016,  -0.010,  -0.128,  -0.250,   9.867
130816317,   0.006,  -0.015,  -0.012,  -0.150,  -0.272,   9.861
130835537,   0.009,  -0.016,  -0.011,  -0.147,  -0.262,   9.870
130857157,   0.011,  -0.015,  -0.010,  -0.138,  -0.260,   9.876
130876374,   0.010,  -0.014,  -0.011,  -0.151,  -0.241,   9.869
130895590,   0.010,  -0.015,  -0.010,  -0.147,  -0.231,   9.855
130917211,   0.007,  -0.014,  -0.010,  -0.144,  -0.242,   9.872
130936428,   0.006,  -0.017,  -0.011,  -0.142,  -0.257,   9.864
130955645,   0.009,  -0.016,  -0.012,  -0.141,  -0.263,   9.874
130977263,   0.009,  -0.015,  -0.011,  -0.122,  -0.268,   9.870
130996481,   0.011,  -0.015,  -0.012,  -0.152,  -0.243,   9.874
131015697,   0.009,  -0.016,  -0.011,  -0.134,  -0.245,   9.879
131037320,   0.009,  -0.016,  -0.010,  -0.139,  -0.253,   9.869
131056536,   0.007,  -0.017,  -0.009,  -0.153,  -0.242,   9.873
131078156,   0.009,  -0.015,  -0.011,  -0.139,  -0.257,   9.873
131097373,   0.009,  -0.016,  -0.011,  -0.145,  -0.247,   9.862
131116590,   0.009,  -0.015,  -0.011,  -0.141,  -0.251,   9.897
131138208,   0.007,  -0.016,  -0.011,  -0.157,  -0.227,   9.880
131157428,   0.010,  -0.016,  -0.011,  -0.157,  -0.239,   9.884
131176643,   0.007,  -0.015,  -0.011,  -0.138,  -0.256,   9.872
131198262,   0.009,  -0.015,  -0.012,  -0.152,  -0.259,   9.870
131217479,   0.007,  -0.015,  -0.012,  -0.144,  -0.244,   9.870
131236698,   0.010,  -0.015,  -0.012,  -0.130,  -0.255,   9.879
131258319,   0.010,  -0.014,  -0.009,  -0.132,  -0.266,   9.886
131277536,   0.007,  -0.016,  -0.012,  -0.147,  -0.254,   9.862
131296750,   0.009,  -0.015,  -0.011,  -0.121,  -0.245,   9.876
131318370,   0.009,  -0.016,  -0.011,  -0.145,  -0.253,   9.867
131337589,   0.007,  -0.015,  -0.010,  -0.135,  -0.255,   9.867
131356807,   0.007,  -0.014,  -0.009,  -0.138,  -0.255,   9.863
131378424,   0.009,  -0.015,  -0.012,  -0.141,  -0.250,   9.875
131397643,   0.010,  -0.015,  -0.011,  -0.146,  -0.256,   9.886
131416862,   0.009,  -0.016,  -0.011,  -0.145,  -0.261,   9.869
131438480,   0.009,  -0.015,  -0.012,  -0.138,  -0.260,   9.872
131457697,   0.006,  -0.016,  -0.012,  -0.153,  -0.251,   9.867
131476915,   0.007,  -0.018,  -0.011,  -0.129,  -0.260,   9.875
131498534,   0.010,  -0.014,  -0.009,  -0.144,  -0.247,   9.875
131517752,   0.007,  -0.016,  -0.011,  -0.142,  -0.233,   9.886
131536967,   0.009,  -0.015,  -0.011,  -0.142,  -0.248,   9.892
131558587,   0.010,  -0.016,  -0.011,  -0.145,  -0.266,   9.875
131577805,   0.009,  -0.015,  -0.011,  -0.134,  -0.257,   9.885
131599424,   0.010,  -0.014,  -0.011,  -0.129,  -0.247,   9.855
131618641,   0.009,  -0.015,  -0.011,  -0.141,  -0.238,   9.867
131640262,   0.009,  -0.015,  -0.012,  -0.138,  -0.243,   9.868
131659478,   0.007,  -0.015,  -0.012,  -0.151,  -0.243,   9.869
131678695,   0.009,  -0.015,  -0.012,  -0.136,  -0.257,   9.880
131700316,   0.009,  -0.016,  -0.012,  -0.152,  -0.245,   9.864
131719532,   0.009,  -0.016,  -0.012,  -0.146,  -0.247,   9.892
131738749,   0.007,  -0.017,  -0.013,  -0.146,  -0.253,   9.886
131760369,   0.009,  -0.016,  -0.011,  -0.134,  -0.259,   9.874
131779586,   0.009,  -0.014,  -0.012,  -0.134,  -0.256,   9.862
131798803,   0.009,  -0.014,  -0.012,  -0.141,  -0.226,   9.879
131820424,   0.007,  -0.015,  -0.011,  -0.140,  -0.256,   9.873
131839640,   0.006,  -0.016,  -0.011,  -0.134,  -0.254,   9.872
131858857,   0.007,  -0.016,  -0.011,  -0.132,  -0.257,   9.872
131880478,   0.007,  -0.015,  -0.010,  -0.133,  -0.250,   9.881
131899694,   0.007,  -0.016,  -0.013,  -0.154,  -0.245,   9.876
131918911,   0.007,  -0.015,  -0.010,  -0.153,  -0.250,   9.881
131940532,   0.007,  -0.015,  -0.012,  -0.145,  -0.245,   9.886
131959748,   0.007,  -0.016,  -0.012,  -0.144,  -0.265,   9.869
131978967,   0.007,  -0.016,  -0.011,  -0.136,  -0.254,   9.881
132000587,   0.007,  -0.016,  -0.011,  -0.141,  -0.242,   9.874
132019802,   0.009,  -0.015,  -0.010,  -0.156,  -0.243,   9.884
132039023,   0.009,  -0.015,  -0.010,  -0.145,  -0.254,   9.885
132060642,   0.009,  -0.016,  -0.012,  -0.144,  -0.256,   9.886
132079859,   0.009,  -0.016,  -0.012,  -0.148,  -0.253,   9.869
132099074,   0.007,  -0.016,  -0.009,  -0.150,  -0.250,   9.888
132120697,   0.007,  -0.015,  -0.011,  -0.135,  -0.235,   9.890
132139911,   0.009,  -0.015,  -0.011,  -0.139,  -0.235,   9.875
132159128,   0.011,  -0.020,  -0.013,   0.026,  -0.253,   9.843
132180749,   0.020,  -0.030,  -0.013,  -0.029,  -0.136,   9.951
132199965,  -0.047,  -0.089,   0.004,   2.445,  -0.253,  10.231
132221587,  -0.112,  -0.089,   0.060,   2.458,  -0.713,  10.785
132240802,   0.069,  -0.066,   0.116,   4.760,   0.866,  11.242
132262424,  -0.056,   0.097,   0.089,   3.978,  -0.514,  10.154
132281641,   0.115,   0.329,   0.002,   0.657,  -0.101,   8.688
132300859,   0.201,   0.627,   0.030,  -0.376,  -0.605,   7.975
132322478,   0.190,   0.427,  -0.025,  -1.912,  -0.719,   9.785
132341695,  -0.040,   0.081,   0.006,  -0.748,  -1.223,  10.874
132360912,  -0.102,  -0.284,   0.086,  -0.845,   0.171,  11.212
132382533,   0.028,  -0.228,   0.166,  -0.620,   0.210,  10.523
132401749,   0.222,   0.045,   0.118,   0.022,   0.423,   8.749
132420966,   0.063,   0.003,  -0.010,   0.929,   0.024,   8.752
132442587,  -0.159,  -0.172,  -0.107,   1.152,  -0.160,  10.354
132461803,  -0.068,   0.101,  -0.044,  -0.722,  -0.117,  10.760
132483421,   0.096,   0.087,   0.071,   0.312,  -0.296,   9.134
132502640,   0.091,  -0.165,   0.055,   1.259,   0.107,   9.173
132521857,   0.066,  -0.072,   0.060,  -0.249,   0.260,  10.316
132543475,   0.033,   0.045,   0.044,   0.153,  -0.101,  10.647
132562694,   0.029,  -0.105,  -0.027,   1.845,   0.126,   9.518
132581909,   0.056,  -0.048,  -0.045,   0.909,   0.542,   9.577
132603529,   0.035,   0.051,   0.005,   1.298,  -0.425,   9.802
132622749,   0.012,   0.033,   0.047,   0.014,  -0.639,   9.880
132641966,  -0.031,   0.077,   0.030,   0.134,   0.111,  10.337
132663583,  -0.043,   0.076,   0.004,  -0.557,   0.385,  10.469
132682803,  -0.004,   0.087,   0.034,  -0.825,   0.347,   9.360
132702021,   0.071,   0.012,   0.029,   0.290,  -0.025,   9.006
132723637,  -0.059,  -0.033,   0.013,   0.484,   0.500,   9.789
132745258,  -0.080,  -0.066,  -0.001,   0.201,  -0.193,  10.670
132764474,  -0.076,   0.045,   0.025,   0.023,   0.119,  10.835
132783693,   0.029,   0.044,   0.017,  -0.129,  -0.673,   9.453
132805311,  -0.011,   0.029,   0.001,   1.279,  -0.451,   8.788
132824530,  -0.044,   0.060,   0.000,  -0.057,  -0.110,  10.821
132843745,  -0.010,   0.058,  -0.005,   0.344,  -0.037,  10.414
132865366,  -0.004,   0.066,   0.014,  -0.050,   0.007,   9.595
132884582,   0.070,  -0.059,   0.011,  -0.680,  -0.632,   9.801
132903800,   0.075,  -0.040,   0.032,  -0.395,  -0.961,   9.176
132925422,   0.053,  -0.071,   0.031,  -0.342,  -0.080,   9.029
132944637,   0.075,  -0.113,   0.012,  -0.268,   0.053,   9.993
132963854,   0.076,  -0.042,   0.043,  -0.619,   0.192,  10.707
132985476,   0.064,  -0.094,   0.056,  -1.652,   0.045,  10.390
133004691,   0.036,  -0.098,   0.069,  -0.479,   0.494,   9.472
133023908,  -0.032,  -0.065,   0.062,  -0.577,   0.419,  10.335
133045530,  -0.095,  -0.036,  -0.002,  -1.021,  -0.305,  10.635
133064745,  -0.055,  -0.107,   0.001,  -0.624,  -0.590,   9.734
133083962,  -0.028,  -0.229,  -0.005,  -0.885,  -0.879,   8.817
133105584,   0.028,  -0.136,   0.022,   0.600,  -0.318,   9.939
133124799,   0.030,   0.048,   0.036,  -0.833,  -0.706,  10.530
133146421,  -0.731,   0.342,   0.014, -25.907,  -2.817,  16.196
133165639,  -0.273,   0.129,  -0.033, -18.197,  -2.695,   9.819
133184853,  -0.185,  -1.052,   0.134,  -4.067,   1.119,   5.618
133206474,  -0.089,  -1.756,   0.067,  -0.414,  -2.200,   4.332
133225692,   0.194,  -1.638,  -0.095,   8.083,  -0.034,   9.544
133244907,   0.607,   0.027,  -0.063,   5.609,   0.965,   7.956
133266528,   0.310,   0.543,   0.138,   7.445,   2.055,   8.226
133285745,  -0.031,   0.517,  -0.251,   4.483,  -3.668,  11.070
133304963,   0.040,   0.837,  -0.254,   4.499,  -1.962,   5.278
133326582,   0.684,   0.765,  -0.141,   4.232,  -0.655,  11.901
133345801,   0.130,   0.168,  -0.146,   6.420,   0.784,  14.447
133365016,  -0.015,   0.050,   0.107,  -0.579,  -0.992,  15.800
133386638,  -0.423,   0.150,   0.034, -18.314,  -2.124,  20.123
133405855,   0.060,   0.395,   0.215, -11.056,   1.464,   7.482
133425070,   0.587,  -0.100,   0.379,  -2.642,  -0.166,   0.145
133446689,   0.138,  -0.723,   0.103,   0.660,  -2.248,   1.445
133465909,   0.443,  -0.877,   0.145,   3.418,   1.089,   3.697
133487528,  -0.040,  -0.192,  -0.056,   9.281,   0.870,  12.598
133506746,  -0.332,   0.492,  -0.033,   6.439,   1.563,  12.025
133525960,  -0.085,   0.910,  -0.074,   5.136,  -2.051,  12.237
133547581,  -0.038,   0.832,  -0.295,  -2.126,   1.257,  10.998
133566800,   0.030,   0.035,  -0.208,  -6.076,   1.681,  15.302
133586017,   0.145,  -0.270,   0.153,  -8.675,   2.021,  12.224
133607634,  -0.407,  -0.571,   0.240,  -3.911,   0.946,   7.524
133626853,  -0.595,  -0.800,   0.273,  -0.490,   0.454,   6.764
133648472,  -0.458,  -0.935,   0.141,   2.664,  -0.466,   8.691
133667691,  -0.404,  -0.458,   0.153,   6.705,  -0.023,  10.744
133686905,  -0.322,   0.077,   0.184,   3.643,   0.054,  10.104
133708525,  -0.456,   0.353,   0.161,   3.423,  -1.225,  10.157
133727745,  -0.488,   0.117,   0.128,  -2.132,  -1.172,  12.513
133746959,  -0.387,  -0.333,   0.200,  -2.865,  -3.022,  13.278
133768579,  -0.454,  -1.114,   0.259,   1.253,  -1.222,  12.910
133787797,  -0.201,  -1.644,   0.103,   2.862,  -1.756,  10.291
133807016,   0.720,  -1.126,   0.070,   7.203,  -1.748,   4.577
133828633,   0.700,  -0.806,   0.181,   4.123,   0.417,  10.548
133847850,   0.517,  -0.304,   0.288,   6.144,   0.924,   7.477
133867068,   0.417,   0.146,   0.373,   5.533,   0.200,   5.830
133888687,   0.130,   0.381,   0.246,   4.984,   1.038,   5.720
133907904,   0.072,   0.727,   0.244,   3.739,  -0.079,   7.139
133927121,   0.065,   0.975,   0.172,   5.496,  -0.348,   5.521
133948741,  -0.124,   1.289,   0.069,   3.515,  -0.459,   6.066
133967958,   0.026,   1.308,  -0.089,   4.456,  -0.821,   9.425
133987179,   0.081,   1.117,  -0.094,  -2.407,  -1.462,  16.609
134008795,   0.064,   0.243,   0.121,  -1.598,   0.767,  15.162
134028013,   0.209,  -0.157,   0.277,  -2.059,   0.408,  11.865
134049632,   0.065,  -0.324,   0.325,  -1.051,   0.894,   8.617
134068851,  -0.180,  -0.181,   0.256,  -0.872,  -0.078,   9.958
134090470,  -0.179,   0.115,   0.196,   0.023,   0.494,   8.014
134109689,  -0.036,  -0.006,   0.153,  -1.377,  -0.746,   8.423
134128904,   0.108,  -0.205,   0.099,  -0.249,  -0.497,   8.713
134150524,   0.242,  -0.160,   0.143,  -0.651,  -2.745,  10.282
134169742,   0.203,  -0.156,   0.146,  -0.875,  -1.313,  10.134
134188958,   0.148,  -0.225,   0.096,  -1.362,  -1.258,  10.159
134210579,   0.115,  -0.260,  -0.025,  -0.026,  -0.897,   9.371
134229794,   0.114,  -0.150,  -0.120,  -3.093,  -1.300,   9.334
134249011,   0.969,   0.307,  -0.830,  -4.598,   2.008,  14.171
134270632,   0.636,   0.820,  -1.435,  -2.625,   0.514,  14.925
134289848,  -0.116,   0.512,  -1.009,  -7.289,  -0.125,   8.269
134311471,  -0.650,   0.809,  -0.005,  -3.821,  -2.373,  10.386
134330686,  -1.170,   0.437,   0.483,  -1.563,  -2.859,   7.753
134349903,  -1.185,  -0.126,   0.519,   4.331,  -2.026,   7.200
134371524,  -1.087,  -0.421,   0.072,   0.982,  -1.178,   8.564
134390742,  -0.587,  -0.195,  -0.352,   2.643,  -0.928,  11.070
134409956,   0.151,   0.219,  -0.502,   3.072,  -2.713,  12.667
134431577,   0.417,   0.491,  -0.321,  -0.757,  -3.527,   9.449
134450795,   0.908,   0.488,  -0.098,  -2.067,  -4.201,   6.692
134470011,   1.115,   0.194,  -0.074,  -2.205,  -2.319,  10.017
134491632,   0.606,  -0.484,  -0.451,  -2.058,  -2.763,  10.671
134510849,   0.519,  -0.814,  -0.526,  -1.559,   1.974,  12.262
134530065,   0.774,  -0.582,  -0.767,   0.575,   1.140,  10.394
134551686,   0.945,  -0.339,  -0.586,   2.601,   1.065,   7.210
134570904,   0.697,  -0.110,  -0.266,   3.612,   0.044,   6.400
134592524,   0.195,   0.325,  -0.068,   2.327,   2.163,   7.145
134611739,   0.187,   0.704,  -0.029,   2.488,   1.289,   7.925
134630957,   0.048,   0.768,  -0.100,   3.397,   2.095,   9.599
134652577,  -0.297,   0.526,  -0.152,   2.628,   0.899,  12.456
134671793,  -0.561,   0.417,  -0.280,   2.878,   0.479,  11.192
134693413,  -0.275,   0.779,  -0.337,   0.745,   0.119,   9.113
134712630,  -0.319,   0.958,  -0.376,  -0.463,  -1.208,   7.056
134731846,  -0.255,   0.702,  -0.358,   0.611,   0.339,   7.813
134753467,  -0.217,   0.403,  -0.312,  -0.571,  -0.294,   9.687
134772686,  -0.228,   0.320,  -0.272,  -1.247,  -1.113,  11.199
134791903,  -0.136,   0.397,  -0.192,  -1.340,  -0.156,  10.681
134813521,   0.017,   0.281,  -0.099,  -0.850,   0.293,   8.238
134832739,   0.223,   0.203,  -0.033,  -1.292,  -0.087,   9.674
134851955,   0.226,   0.238,   0.011,  -3.144,  -0.466,  10.651
134873574,   0.179,   0.172,   0.035,  -2.976,   0.314,  11.392
134892791,   0.165,   0.052,   0.025,  -4.130,   0.631,  11.391
134912011,   0.127,   0.042,   0.026,  -2.518,  -0.417,  10.913
134933628,   0.080,  -0.017,   0.055,  -2.554,   0.686,   8.659
134952847,   0.116,  -0.101,   0.083,  -4.332,   0.836,  10.201
134972062,  -0.096,   0.385,   0.316,  -3.734,  -1.058,  14.257
134993682,  -0.320,   0.811,   0.100,  -1.452,   2.285,  11.083
135012901,  -0.309,   0.542,  -0.023,  -1.324,   0.500,   7.611
135032120,  -0.101,  -0.038,  -0.001,  -4.383,  -0.801,   7.572
135053736,  -0.099,  -0.693,  -0.033,  -6.880,  -0.936,  10.402
135072954,  -0.128,  -1.234,  -0.112,  -4.925,   0.087,  12.309
135092173,   0.047,  -1.181,  -0.151,  -3.638,   0.476,  10.875
135113790,   0.454,  -0.862,  -0.042,  -2.873,  -0.433,   7.999
135133007,   0.474,  -0.681,   0.061,  -1.484,  -0.830,   7.670
135152226,   0.087,  -0.615,   0.015,  -1.948,  -0.198,   9.396
135173844,  -0.115,  -0.570,   0.042,  -1.988,   0.110,   9.964
135193061,   0.055,  -0.540,   0.038,  -1.613,   0.803,  10.279
135214681,   0.230,  -0.459,   0.046,  -1.695,   0.449,   9.843
135233898,   0.114,  -0.438,   0.043,  -1.301,   0.609,   9.556
135255523,  -0.033,  -0.426,   0.032,  -1.247,   0.272,   9.538
135274735,  -0.071,  -0.396,   0.046,  -0.573,   0.368,   9.745
135293952,  -0.026,  -0.398,   0.099,   0.030,   0.425,   9.109
135315574,  -0.053,  -0.456,   0.086,   1.319,   0.549,   9.934
135334789,  -0.056,  -0.412,   0.079,   0.832,   0.632,  10.967
135354007,  -0.083,  -0.290,   0.001,   0.776,  -0.183,  10.062
135375629,  -0.087,  -0.248,  -0.002,   1.014,  -0.244,   9.473
135394843,  -0.072,  -0.158,   0.046,   0.464,  -0.436,   9.013
135414063,  -0.062,  -0.246,   0.077,   0.417,  -0.128,   9.560
135435680,  -0.069,  -0.232,   0.095,   0.284,   0.165,  10.611
135454898,  -0.020,  -0.262,   0.097,   0.605,  -0.122,  10.154
135474117,  -0.043,  -0.279,   0.096,   0.957,   0.423,   9.857
135495736,  -0.045,  -0.272,   0.100,  -0.007,  -0.165,   9.855
135514953,  -0.081,  -0.248,   0.045,   0.702,   0.075,   9.691
135534168,  -0.032,  -0.248,   0.045,  -0.287,  -0.022,  10.049
135555790,   0.053,  -0.259,   0.025,   0.730,   0.226,   9.467
135575006,   0.003,  -0.399,   0.055,   0.189,   0.577,  10.000
135596628,   0.003,  -0.452,   0.076,  -0.086,  -0.761,  10.158
135615844,  -0.047,  -0.436,   0.095,   1.194,   0.056,   9.155
135635060,  -0.001,  -0.477,   0.070,   0.615,  -0.510,   9.807
135656681,  -0.031,  -0.512,   0.034,   0.679,   0.321,   8.999
135675896,  -0.020,  -0.667,  -0.003,   1.012,  -0.312,   9.447
135697518,  -0.209,  -0.112,   0.103,   1.704,   0.032,  14.319
135716734,  -0.064,   0.536,   0.092,   1.475,   0.448,  10.559
135735952,  -0.244,   0.529,   0.078,   2.810,   0.110,   8.378
135757569,  -0.025,   0.426,   0.078,   4.621,   0.277,   6.266
135776789,   0.068,   0.480,   0.074,  -2.479,  -1.261,   9.165
135798407,  -0.488,   0.747,   0.128, -20.544,  -0.820,  22.807
135817626,  -1.413,   0.616,  -0.565, -13.171,  -0.650,  11.933
135836841,   0.274,  -1.024,  -0.016,  -5.785,   0.001,   5.666
135858462,   0.735,  -1.465,   0.152,   0.850,  -0.081,   3.419
135877681,   1.054,  -1.583,   0.058,   3.121,  -1.462,   6.214
135896898,   0.893,  -0.809,  -0.295,   5.976,   0.074,   9.125
135918516,   1.057,   0.136,   0.065,   6.128,   2.439,  12.127
135937734,   0.044,   0.671,   0.075,   6.196,   2.208,   7.288
135956951,  -0.042,   0.988,   0.042,   4.862,   2.175,   5.258
135978571,  -0.185,   1.219,   0.101,   3.108,   0.347,   8.390
135997786,  -0.060,   0.929,   0.108,  -4.462,   3.005,  16.929
136017005,  -0.287,   0.412,   0.070,  -7.276,   0.711,  15.398
136038624,  -0.693,  -0.025,   0.015,  -1.893,   0.575,   6.850
136057840,  -0.298,  -0.580,   0.126,  -3.517,  -1.141,   6.714
136079461,  -0.222,  -0.791,   0.003,   1.647,   0.084,   8.168
136098678,  -0.053,  -0.552,  -0.140,   4.963,  -0.739,  11.001
136120297,   0.217,   0.029,   0.015,   6.319,  -0.686,  14.139
136139515,   0.034,   0.475,   0.102,   1.633,  -0.662,   8.212
136158735,   0.070,   0.578,   0.169,  -2.666,  -0.904,   7.228
136180353,  -0.178,   0.138,   0.069,  -2.309,   1.420,   9.161
136199570,   0.226,  -0.413,   0.136,  -2.775,   0.534,  12.064
136218787,   0.004,  -0.606,  -0.004,   0.207,   1.162,  10.145
136240406,   0.055,  -0.444,  -0.014,   3.006,   1.033,  11.400
136259625,  -0.261,  -0.430,  -0.089,   4.749,   0.473,  11.768
136278839,   0.158,  -0.271,  -0.005,   3.796,   0.200,  11.075
136300460,   0.264,  -0.056,   0.077,   1.172,  -0.074,   9.501
136319676,   0.180,   0.305,   0.132,  -0.553,   0.563,   7.969
136338893,  -0.224,   0.159,   0.031,  -0.636,  -0.068,   8.223
136360516,  -0.243,  -0.502,  -0.025,   2.117,  -0.162,  11.883
136379732,  -0.211,  -0.929,  -0.081,   3.262,   1.374,  13.209
136398947,  -0.156,  -0.479,   0.046,   0.669,   1.018,  10.125
136420570,  -0.114,   0.055,   0.054,  -1.463,  -0.809,   6.493
136439784,  -0.070,   0.284,   0.150,  -0.111,  -0.403,   5.557
136461404,  -0.159,   0.123,   0.038,   1.099,  -0.430,   8.313
136480623,  -0.411,  -0.339,  -0.259,   3.353,  -1.409,  12.783
136499838,  -0.385,  -0.752,  -0.296,   4.239,  -0.316,  15.283
136521460,  -0.273,  -0.405,  -0.125,   3.111,  -0.182,  11.004
136540678,  -0.250,  -0.184,  -0.034,   3.418,   0.272,   7.599
136559892,  -0.036,   0.256,   0.043,   2.260,  -0.117,   6.400
136581514,   0.037,   0.459,   0.030,   2.005,  -0.444,   6.795
136600731,  -0.165,   0.093,  -0.154,   5.054,  -0.123,   9.947
136619946,  -0.395,  -0.356,  -0.265,   6.568,  -1.487,  10.767
136641569,  -0.301,   0.265,  -0.136,  -0.142,  -0.175,  10.528
136660783,  -0.115,   0.680,  -0.012,   1.141,  -0.500,   9.438
136680000,  -0.054,   0.575,  -0.029,   3.281,  -0.363,   9.734
136701623,  -0.222,  -0.173,  -0.178,   7.495,  -0.997,   8.161
136720839,  -0.098,  -0.221,  -0.193,   4.608,  -1.034,  10.080
136740054,  -0.175,   0.167,  -0.145,   3.494,  -0.812,  10.000
136761677,  -0.236,   0.684,  -0.047,   2.363,   0.065,  10.333
136780893,  -0.049,   0.634,  -0.059,   3.107,  -1.240,   9.217
136802514,   0.107,   0.652,  -0.021,   1.947,  -0.529,  10.416
136821731,   0.145,   0.504,   0.076,  -0.071,  -1.172,   9.013
136840948,  -0.046,   0.397,   0.045,  -0.687,  -0.779,  10.445
136862567,   0.051,   0.328,   0.075,  -0.599,  -0.793,  11.913
136881785,  -0.053,   0.066,   0.031,  -4.354,  -1.401,  12.687
136901000,   0.232,  -0.256,   0.012,   0.089,  -0.332,  11.628
136922621,   0.203,  -0.270,   0.067,   1.177,  -0.866,   7.160
136941841,   0.275,   0.135,   0.137,   1.392,  -0.855,   4.951
136961054,   0.266,   0.544,   0.203,   2.744,  -0.815,   6.228
136982676,   0.424,   1.121,   0.244,   2.779,  -0.479,   7.222
137001892,   0.372,   1.391,   0.117,   4.690,  -1.067,   7.949
137023509,   0.432,   1.240,   0.068,   2.236,  -1.063,   5.975
137042728,   0.658,   0.847,   0.137,   0.776,  -0.997,   5.145
137061946,   0.268,   0.549,   0.244, -12.094,   1.543,   4.961
137083565,  -0.363,   2.855,  -0.022, -14.075,   1.677,  31.162
137102784,  -0.886,   3.329,   0.169,  -4.386,   8.015,  17.702
137124401,  -0.487,   1.740,  -0.176,   5.983,   1.402,   9.738
137143620,  -0.366,   0.616,  -0.303,   4.462,  -0.508,   6.092
137165237,  -0.205,  -0.228,  -0.100,   0.640,  -2.666,   6.381
137184454,  -0.143,  -0.010,   0.040,   1.194,  -1.526,   7.461
137203672,   0.097,   0.448,   0.160,  -0.215,  -1.275,   4.085
137225292,   0.580,   0.730,   0.238,   0.166,  -1.167,   4.722
137246913,   0.929,   1.189,   0.272,  -0.142,  -1.463,   6.909
137266130,   1.016,   1.414,   0.189,  -1.560,  -2.384,  11.127
137285347,   0.537,   1.108,   0.040,  -4.439,  -0.801,  11.514
137304565,   0.080,   0.776,   0.051,  -2.061,   1.750,  10.710
137326185,   0.248,   0.346,   0.000,  -3.901,   1.632,  11.446
137345401,   0.275,   0.175,   0.036,  -3.303,   1.408,   9.733
137364618,   0.240,   0.748,  -0.058,  -7.908,   2.161,  11.251
137386236,  -0.162,   1.329,   0.031,  -9.244,  -0.134,  13.027
137405454,  -0.447,   0.525,  -0.018,  -5.826,   0.901,   9.800
137424670,  -0.059,  -0.348,  -0.070,  -6.547,  -0.747,   6.469
137446292,   0.039,  -0.834,  -0.180,  -4.932,  -1.409,   4.234
137465509,   0.262,  -1.145,  -0.193,  -5.170,  -0.892,   3.990
137484725,   0.339,  -1.387,  -0.241,  -6.138,  -0.437,   5.886
137506344,   0.519,  -1.571,  -0.261,  -5.662,   0.038,   4.218
137525563,   0.669,  -1.730,  -0.216,  -6.181,   1.118,   5.815
137544780,   0.764,  -1.891,  -0.173,  -6.763,   1.656,   5.530
137566401,   0.714,  -2.071,  -0.123,  -5.376,   1.237,   5.476
137585617,   0.484,  -2.274,  -0.061,  -2.332,   1.461,  10.752
137604834,  -0.131,  -1.560,   0.082,   1.250,   1.016,  17.162
137626454,  -0.092,  -0.689,   0.154,  -1.891,   2.564,   9.006
137645673,  -0.172,  -0.602,   0.113,   0.941,   0.960,  12.954
137664887,  -0.107,  -0.077,  -0.034,  -0.192,   1.949,  12.208
137686508,  -0.260,   0.042,  -0.045,  -1.403,   0.582,   9.139
137705724,  -0.369,  -0.205,   0.005,  -1.923,   0.518,   7.439
137724941,  -0.147,  -0.637,   0.035,  -1.846,  -0.302,   6.601
137746562,  -0.050,  -0.974,   0.082,  -1.499,   0.678,   8.150
137765779,  -0.023,  -0.991,   0.065,  -0.125,  -0.152,  10.418
137784995,   0.032,  -0.670,  -0.011,   0.660,   0.469,  12.630
137806616,   0.107,  -0.245,  -0.027,   1.003,   0.351,  12.492
137825833,   0.089,  -0.065,  -0.037,   0.603,   0.320,   9.875
137847453,   0.103,  -0.135,  -0.064,  -0.198,   0.490,   7.591
137866669,   0.170,  -0.340,  -0.015,  -0.910,   0.845,   7.553
137885888,   0.062,  -0.516,   0.059,  -0.772,   1.484,   8.754
137907505,   0.007,  -0.631,   0.097,   0.453,   0.885,  11.193
137926725,  -0.092,  -0.453,   0.138,   0.755,   0.992,  12.260
137945942,  -0.148,  -0.102,   0.248,   0.315,   0.163,  11.671
137967561,  -0.218,   0.297,   0.174,  -1.046,   0.869,  10.661
137986777,  -0.137,   0.255,   0.069,  -1.338,   1.156,   8.956
138005994,  -0.081,  -0.043,  -0.019,  -1.244,   1.189,  10.008
138027616,  -0.093,  -0.250,  -0.099,  -0.545,   0.676,  11.114
138046832,  -0.313,  -0.245,  -0.108,  -0.130,   0.190,  10.914
138066050,  -0.167,  -0.026,  -0.075,   0.150,   0.206,   9.993
138087669,  -0.056,   0.095,  -0.046,  -0.072,  -0.182,   9.156
138106887,   0.015,   0.059,  -0.025,  -0.310,  -0.093,  10.099
138128505,   0.009,  -0.023,  -0.027,  -0.366,   0.224,  10.410
138147724,  -0.049,  -0.032,  -0.019,   0.075,   0.084,   9.581
138166940,   0.045,  -0.046,  -0.009,   0.048,   0.145,   9.459
138188559,   0.085,  -0.042,  -0.010,   0.028,   0.012,   9.734
138207778,   0.065,  -0.015,  -0.048,   0.368,   0.846,   9.666
138226992,   0.050,   0.042,  -0.036,   0.211,   0.438,  10.504
138248614,   0.030,   0.061,  -0.018,  -0.588,   0.238,  10.087
138267831,  -0.014,   0.012,  -0.002,  -0.694,   0.767,   9.916
138287049,  -0.052,  -0.040,  -0.004,  -0.607,   0.652,   9.856
138308666,  -0.082,  -0.038,  -0.047,  -0.819,   0.667,  10.118
138327885,  -0.085,  -0.026,  -0.074,  -0.715,   0.389,   9.684
138347102,  -0.084,  -0.017,  -0.070,  -0.812,   0.220,   9.599
138368722,  -0.036,  -0.032,  -0.040,  -0.909,   0.277,  10.074
138390339,   0.034,   0.049,  -0.002,  -2.017,   0.001,  10.249
138409557,   0.058,   0.035,  -0.009,  -2.533,  -0.042,   9.764
138428776,   0.056,  -0.104,  -0.009,  -2.793,  -0.187,   9.633
138450396,   0.050,  -0.236,  -0.036,  -2.255,   0.202,   9.842
138469610,   0.045,  -0.315,  -0.075,  -1.549,   0.054,   9.515
138488830,  -0.017,  -0.322,  -0.102,  -0.667,   0.532,   9.854
138510450,  -0.034,  -0.217,  -0.101,  -0.107,   0.517,   9.884
138529667,  -0.027,  -0.098,  -0.076,   0.019,   0.526,   9.897
138551287,   0.020,  -0.020,  -0.028,   0.119,   0.449,   9.745
138570505,  -0.012,  -0.009,   0.003,   0.117,   0.546,   9.805
138589721,  -0.046,  -0.009,   0.019,   0.136,   0.412,   9.959
138611340,  -0.068,  -0.002,   0.009,   0.232,   0.212,   9.977
138630556,  -0.062,   0.012,  -0.010,   0.317,   0.157,   9.917
138652176,  -0.040,   0.043,  -0.020,   0.358,   0.172,   9.694
138671394,  -0.030,   0.056,  -0.013,   0.427,   0.136,   9.854
138690611,  -0.026,   0.062,  -0.003,   0.425,   0.233,   9.888
138712230,  -0.031,   0.056,   0.011,   0.407,   0.219,   9.815
138731448,  -0.032,   0.055,   0.020,   0.457,   0.198,   9.900
138750666,  -0.038,   0.046,   0.003,   0.716,   0.237,   9.924
138772283,  -0.045,   0.051,  -0.028,   0.818,   0.241,   9.989
138791502,  -0.035,   0.064,  -0.029,   0.801,   0.151,   9.820
138810720,  -0.032,   0.093,  -0.005,   0.618,   0.190,   9.741
138832340,  -0.025,   0.121,   0.037,   0.432,   0.178,   9.710
138851557,  -0.013,   0.119,   0.056,   0.238,   0.154,   9.709
138870773,  -0.003,   0.084,   0.040,   0.055,   0.144,  10.079
138892393,  -0.042,   0.031,   0.004,  -0.180,   0.060,  10.153
138911610,  -0.038,   0.005,  -0.014,  -0.256,  -0.007,   9.795
138930828,   0.019,  -0.009,  -0.017,  -0.253,  -0.004,   9.776
138952446,   0.028,  -0.007,  -0.009,  -0.304,  -0.007,   9.977
138971665,   0.000,  -0.014,  -0.004,  -0.312,   0.109,   9.966
138990883,   0.010,  -0.019,  -0.002,  -0.278,   0.217,   9.863
139012502,   0.010,  -0.019,  -0.009,  -0.212,   0.224,   9.845
139031720,  -0.005,  -0.019,  -0.017,  -0.156,   0.159,   9.855
139050937,  -0.004,  -0.020,  -0.017,  -0.129,   0.089,   9.860
139072556,   0.002,  -0.018,  -0.010,  -0.014,   0.050,   9.887
139091774,   0.002,  -0.025,  -0.012,   0.139,   0.069,   9.882
139110989,   0.007,  -0.025,  -0.018,   0.283,   0.099,   9.869
139132610,   0.009,  -0.020,  -0.022,   0.347,   0.114,   9.862
139151828,   0.007,  -0.016,  -0.017,   0.339,   0.141,   9.862
139171042,   0.010,  -0.010,  -0.006,   0.255,   0.111,   9.880
139192663,   0.012,  -0.004,   0.002,   0.122,   0.080,   9.912
139211881,  -0.002,   0.000,  -0.002,  -0.045,   0.129,   9.879
139233500,  -0.028,   0.012,  -0.010,  -0.079,   0.248,   9.802
139252718,  -0.025,   0.004,  -0.010,  -0.188,   0.177,   9.839
139271935,  -0.021,  -0.013,  -0.007,  -0.189,   0.147,   9.836
139293554,  -0.026,  -0.026,  -0.010,  -0.136,   0.008,   9.930
139312772,  -0.017,  -0.022,  -0.012,  -0.105,  -0.040,   9.906
139331990,   0.005,  -0.017,  -0.015,  -0.023,  -0.032,   9.839
139353607,   0.017,  -0.017,  -0.017,   0.023,   0.028,   9.892
[139367 ms] [WARN] LIDAR0 checksum mismatch. Dropping frame.
139372826,   0.015,  -0.017,  -0.013,   0.084,   0.111,   9.905
139394443,   0.011,  -0.017,  -0.010,   0.109,   0.160,   9.852
139413662,   0.006,  -0.013,  -0.010,   0.121,   0.126,   9.832
139435280,  -0.001,  -0.005,  -0.007,   0.108,   0.089,   9.818
139454499,  -0.005,   0.002,  -0.006,   0.079,   0.048,   9.873
139473715,   0.006,   0.001,  -0.003,   0.010,   0.036,   9.856
139495335,   0.010,  -0.007,  -0.005,  -0.018,   0.062,   9.837
139514553,   0.006,  -0.011,  -0.006,  -0.031,   0.023,   9.861
139533769,   0.014,  -0.010,  -0.009,  -0.071,   0.037,   9.942
139555389,   0.016,  -0.014,  -0.010,  -0.081,   0.071,   9.903
139574605,   0.004,  -0.020,  -0.012,  -0.065,   0.092,   9.856
139593824,   0.005,  -0.015,  -0.013,  -0.023,   0.117,   9.849
139615445,   0.009,  -0.015,  -0.012,  -0.016,   0.072,   9.874
139634661,   0.003,  -0.018,  -0.011,   0.032,   0.056,   9.861
139653879,   0.004,  -0.017,  -0.012,   0.050,   0.063,   9.864
139675497,   0.002,  -0.011,  -0.012,   0.044,   0.075,   9.906
139694714,  -0.010,  -0.007,  -0.011,   0.014,   0.122,   9.911
139713932,  -0.011,  -0.012,  -0.009,   0.018,   0.126,   9.824
139735552,  -0.010,  -0.015,  -0.010,  -0.028,   0.072,   9.845
139754768,  -0.012,  -0.012,  -0.010,  -0.045,   0.030,   9.878
139773986,  -0.007,  -0.012,  -0.011,  -0.057,  -0.024,   9.856
139795605,   0.003,  -0.014,  -0.012,  -0.028,   0.014,   9.823
139814824,   0.005,  -0.018,  -0.013,  -0.011,   0.044,   9.845
139836442,   0.010,  -0.018,  -0.012,  -0.001,   0.051,   9.874
139855659,   0.013,  -0.017,  -0.010,   0.008,   0.067,   9.880
139874877,   0.010,  -0.016,  -0.012,   0.023,   0.066,   9.863
139896497,   0.009,  -0.016,  -0.010,   0.006,   0.061,   9.873
139915715,   0.010,  -0.016,  -0.010,   0.008,   0.047,   9.873
139934929,   0.014,  -0.011,  -0.009,   0.007,   0.018,   9.893
139956551,   0.033,  -0.001,  -0.007,  -0.004,   0.008,   9.868
139975767,   0.039,  -0.004,  -0.009,  -0.028,   0.023,   9.802
139994985,   0.015,  -0.017,  -0.012,  -0.017,   0.065,   9.858
140016606,   0.010,  -0.016,  -0.011,  -0.005,   0.135,   9.952
140035823,   0.020,  -0.005,  -0.009,  -0.007,   0.139,   9.873
140055039,   0.002,  -0.016,  -0.011,  -0.041,   0.063,   9.753
140076659,  -0.013,  -0.020,  -0.014,  -0.028,   0.053,   9.909
140095877,   0.001,  -0.005,  -0.011,  -0.020,   0.022,   9.973
140115092,   0.000,  -0.010,  -0.010,  -0.028,   0.061,   9.753
140136711,  -0.005,  -0.022,  -0.011,  -0.016,   0.050,   9.813
140155929,   0.009,  -0.015,  -0.009,  -0.004,   0.045,   9.960
140175147,   0.012,  -0.011,  -0.011,  -0.010,   0.025,   9.897
140196767,   0.016,  -0.014,  -0.012,  -0.013,   0.051,   9.794
140215984,   0.016,  -0.014,  -0.012,  -0.006,   0.062,   9.830
140235200,   0.007,  -0.016,  -0.009,  -0.023,   0.105,   9.902
140256821,   0.007,  -0.017,  -0.010,  -0.020,   0.108,   9.870
140276039,   0.004,  -0.015,  -0.011,  -0.023,   0.089,   9.850
140297655,   0.003,  -0.014,  -0.011,  -0.014,   0.031,   9.874
140316876,   0.001,  -0.012,  -0.012,  -0.017,   0.049,   9.945
140336093,  -0.006,  -0.011,  -0.012,   0.002,   0.035,   9.946
140357711,  -0.012,  -0.009,  -0.010,  -0.029,   0.146,   9.789
140376927,  -0.026,  -0.004,  -0.010,  -0.014,   0.107,   9.735
140396148,  -0.049,   0.002,  -0.009,  -0.006,   0.153,   9.921
140417767,  -0.059,   0.000,  -0.009,   0.001,   0.073,   9.967
140436983,  -0.037,  -0.011,  -0.010,  -0.030,  -0.014,   9.818
140458601,  -0.014,  -0.007,  -0.009,   0.006,  -0.169,   9.872
140477820,  -0.007,  -0.001,  -0.009,  -0.022,  -0.146,   9.885
140497039,  -0.001,  -0.015,  -0.010,  -0.080,  -0.018,   9.989
140518656,   0.013,  -0.023,  -0.009,  -0.073,   0.034,   9.984
140537872,   0.007,  -0.015,  -0.010,  -0.108,   0.035,   9.778
140557091,   0.000,  -0.015,  -0.011,  -0.071,   0.025,   9.788
140578710,   0.002,  -0.019,  -0.013,  -0.054,  -0.022,   9.964
140597927,   0.005,  -0.016,  -0.012,  -0.036,  -0.034,   9.881
140617145,   0.009,  -0.016,  -0.010,  -0.026,  -0.036,   9.829
140638764,   0.010,  -0.015,  -0.011,  -0.005,  -0.022,   9.924
140657981,   0.011,  -0.013,  -0.011,   0.016,   0.016,   9.899
140679600,   0.010,  -0.016,  -0.011,  -0.024,   0.007,   9.814
140698817,   0.005,  -0.016,  -0.010,  -0.011,  -0.002,   9.876
140718036,   0.004,  -0.014,  -0.011,  -0.055,  -0.011,   9.920
140739655,   0.007,  -0.015,  -0.011,  -0.067,  -0.034,   9.864
140758872,   0.009,  -0.016,  -0.011,  -0.042,  -0.024,   9.841
140778088,   0.007,  -0.015,  -0.011,  -0.017,   0.010,   9.884
140799709,   0.009,  -0.017,  -0.012,  -0.020,   0.001,   9.872
140818926,   0.006,  -0.015,  -0.011,  -0.019,  -0.010,   9.875
140840547,   0.007,  -0.015,  -0.010,  -0.023,  -0.005,   9.882
140859761,   0.007,  -0.016,  -0.011,  -0.029,  -0.005,   9.873
140878981,   0.004,  -0.015,  -0.011,  -0.010,  -0.014,   9.910
140900601,   0.001,  -0.007,  -0.012,  -0.041,   0.023,   9.848
140919816,   0.004,  -0.013,  -0.011,  -0.034,  -0.059,   9.821
140939033,   0.014,  -0.015,  -0.010,  -0.056,  -0.040,   9.818
140960654,   0.019,  -0.010,  -0.009,  -0.035,  -0.071,   9.886
140979871,   0.019,  -0.007,  -0.011,  -0.023,  -0.038,   9.947
140999090,   0.020,  -0.005,  -0.012,  -0.040,  -0.028,   9.927
141020708,   0.004,  -0.015,  -0.010,  -0.079,   0.099,   9.756
141039926,   0.001,  -0.021,  -0.010,  -0.079,   0.036,   9.848
141059143,   0.002,  -0.011,  -0.010,  -0.056,   0.012,   9.930
141080763,   0.003,  -0.016,  -0.013,  -0.047,  -0.063,   9.848
141099981,   0.006,  -0.018,  -0.013,  -0.042,  -0.079,   9.870
141121600,   0.014,  -0.014,  -0.011,  -0.026,  -0.026,   9.881
141140817,   0.015,  -0.015,  -0.009,  -0.032,   0.005,   9.866
141160034,   0.013,  -0.017,  -0.011,  -0.025,   0.010,   9.876
141181653,   0.002,  -0.014,  -0.010,  -0.028,   0.025,   9.905
141200870,   0.004,  -0.016,  -0.012,  -0.048,   0.008,   9.854
141220088,   0.005,  -0.017,  -0.010,  -0.060,  -0.032,   9.850
141241707,   0.004,  -0.014,  -0.010,  -0.042,  -0.040,   9.869
141260923,   0.011,  -0.014,  -0.010,  -0.057,  -0.005,   9.874
141282543,   0.009,  -0.017,  -0.013,  -0.054,   0.013,   9.878
141301761,   0.006,  -0.017,  -0.012,  -0.029,   0.017,   9.862
141320980,   0.007,  -0.015,  -0.012,  -0.012,   0.022,   9.891
141342596,   0.006,  -0.014,  -0.011,  -0.014,  -0.018,   9.870
141361816,   0.005,  -0.015,  -0.011,  -0.031,  -0.008,   9.879
141381033,   0.009,  -0.016,  -0.011,  -0.054,  -0.035,   9.869
141402653,   0.010,  -0.015,  -0.010,  -0.038,  -0.018,   9.900
141421868,   0.009,  -0.014,  -0.011,  -0.040,  -0.014,   9.882
141441087,   0.011,  -0.015,  -0.011,  -0.030,   0.034,   9.863
141462708,   0.009,  -0.016,  -0.013,  -0.034,   0.031,   9.872
141481924,   0.004,  -0.020,  -0.012,  -0.030,   0.032,   9.876
141501140,   0.005,  -0.016,  -0.011,  -0.030,   0.026,   9.906
141522760,   0.010,  -0.014,  -0.011,  -0.012,   0.000,   9.892
141541979,   0.007,  -0.015,  -0.011,  -0.012,  -0.005,   9.845
141561196,   0.018,  -0.012,  -0.009,  -0.023,  -0.034,   9.860
141582812,   0.020,  -0.006,  -0.010,  -0.047,  -0.038,   9.881
141602033,  -0.001,  -0.002,  -0.007,  -0.014,   0.036,   9.829
141623650,  -0.023,   0.010,  -0.006,  -0.045,   0.176,   9.813
141642869,  -0.040,   0.001,  -0.005,  -0.051,   0.083,   9.867
141662084,  -0.055,  -0.009,  -0.009,  -0.030,  -0.007,   9.891
141683706,  -0.026,  -0.013,  -0.006,  -0.077,  -0.227,   9.899
141702922,   0.001,  -0.012,  -0.012,  -0.093,  -0.268,   9.886
141722140,   0.011,  -0.016,  -0.013,  -0.130,  -0.217,   9.891
141743760,   0.030,  -0.018,  -0.012,  -0.130,  -0.048,   9.904
141762977,   0.022,  -0.016,  -0.011,  -0.107,   0.087,   9.856
141782195,   0.003,  -0.016,  -0.012,  -0.073,   0.108,   9.855
141803814,  -0.004,  -0.018,  -0.013,  -0.041,   0.012,   9.878
141823029,   0.000,  -0.015,  -0.010,  -0.026,  -0.119,   9.861
141842249,   0.015,  -0.010,  -0.009,   0.002,  -0.180,   9.847
141863867,   0.021,  -0.011,  -0.009,  -0.026,  -0.129,   9.933
141883083,   0.019,  -0.014,  -0.009,  -0.063,  -0.031,   9.902
141904703,   0.017,  -0.015,  -0.009,  -0.071,   0.085,   9.833
141923922,   0.007,  -0.014,  -0.010,  -0.102,   0.045,   9.856
141945542,  -0.003,  -0.015,  -0.011,  -0.089,  -0.019,   9.934
141964758,   0.000,  -0.017,  -0.011,  -0.089,  -0.062,   9.863
141983974,   0.006,  -0.018,  -0.011,  -0.072,  -0.117,   9.844
142005596,   0.012,  -0.018,  -0.012,  -0.048,  -0.061,   9.903
142024813,   0.015,  -0.016,  -0.012,  -0.048,   0.000,   9.900
142046432,   0.011,  -0.014,  -0.011,  -0.042,   0.045,   9.863
142065650,   0.004,  -0.015,  -0.011,  -0.036,   0.001,   9.893
142087268,   0.003,  -0.015,  -0.010,  -0.047,  -0.041,   9.905
142106486,   0.005,  -0.015,  -0.010,  -0.060,  -0.102,   9.906
142125704,   0.006,  -0.015,  -0.012,  -0.074,  -0.092,   9.900
142147321,   0.013,  -0.013,  -0.012,  -0.071,  -0.067,   9.915
142166540,   0.012,  -0.015,  -0.013,  -0.069,  -0.010,   9.896
142185758,   0.010,  -0.016,  -0.012,  -0.056,  -0.012,   9.885
142207375,   0.010,  -0.015,  -0.012,  -0.049,  -0.031,   9.899
142226595,   0.006,  -0.013,  -0.012,  -0.032,  -0.079,   9.898
142245811,   0.006,  -0.015,  -0.010,  -0.044,  -0.079,   9.881
142267431,   0.011,  -0.014,  -0.011,  -0.065,  -0.069,   9.851
142286646,   0.011,  -0.016,  -0.011,  -0.060,  -0.061,   9.891
142305864,   0.011,  -0.015,  -0.012,  -0.057,  -0.030,   9.916
142327484,   0.012,  -0.013,  -0.012,  -0.093,  -0.023,   9.892
142346703,   0.006,  -0.016,  -0.013,  -0.072,  -0.040,   9.896
142365921,   0.007,  -0.015,  -0.011,  -0.054,  -0.060,   9.906
142387540,   0.012,  -0.013,  -0.011,  -0.055,  -0.115,   9.899
142406757,   0.013,  -0.012,  -0.012,  -0.066,  -0.081,   9.930
142425975,   0.020,  -0.010,  -0.010,  -0.040,  -0.065,   9.923
142447591,   0.033,  -0.003,  -0.007,  -0.080,  -0.105,   9.868
142466812,   0.027,  -0.007,  -0.007,  -0.057,  -0.081,   9.844
142486029,   0.006,  -0.017,  -0.011,  -0.080,  -0.011,   9.876
142507649,   0.006,  -0.016,  -0.010,  -0.093,   0.034,   9.856
142526863,   0.011,  -0.012,  -0.009,  -0.103,   0.005,   9.801
142546082,   0.002,  -0.015,  -0.013,  -0.086,  -0.067,   9.881
142567702,   0.001,  -0.017,  -0.014,  -0.072,  -0.060,   9.929
142586919,   0.012,  -0.015,  -0.010,  -0.072,  -0.054,   9.852
142606137,   0.013,  -0.016,  -0.012,  -0.068,  -0.026,   9.833
142627755,   0.004,  -0.015,  -0.012,  -0.043,  -0.002,   9.928
142646973,  -0.005,  -0.009,  -0.012,   0.030,  -0.002,   9.926
142668591,  -0.013,  -0.010,  -0.013,  -0.085,  -0.069,   9.814
142687808,  -0.010,  -0.013,  -0.011,  -0.061,  -0.036,   9.827
142709428,   0.001,  -0.017,  -0.009,  -0.078,  -0.089,   9.843
142728645,   0.004,  -0.015,  -0.012,  -0.073,  -0.099,   9.888
142747865,   0.010,  -0.014,  -0.011,  -0.073,  -0.065,   9.869
142769481,   0.014,  -0.015,  -0.012,  -0.063,  -0.035,   9.863
[142781 ms] [WARN] LIDAR0 checksum mismatch. Dropping frame.
142788699,   0.010,  -0.017,  -0.012,  -0.060,  -0.019,   9.878
142810318,   0.004,  -0.016,  -0.011,  -0.067,  -0.012,   9.868
142829536,   0.005,  -0.017,  -0.011,  -0.061,  -0.035,   9.880
142848753,   0.005,  -0.014,  -0.010,  -0.065,  -0.083,   9.869
142870373,   0.009,  -0.014,  -0.011,  -0.069,  -0.068,   9.881
142889590,   0.013,  -0.015,  -0.010,  -0.072,  -0.048,   9.880
142908807,   0.011,  -0.016,  -0.011,  -0.078,  -0.041,   9.885
142930429,   0.007,  -0.015,  -0.012,  -0.086,  -0.023,   9.893
142949644,   0.007,  -0.014,  -0.012,  -0.068,  -0.018,   9.904
142968862,   0.005,  -0.016,  -0.013,  -0.074,  -0.055,   9.878
142990484,   0.007,  -0.016,  -0.011,  -0.066,  -0.044,   9.885
143009698,   0.009,  -0.015,  -0.011,  -0.068,  -0.049,   9.886
143028917,   0.011,  -0.013,  -0.011,  -0.067,  -0.059,   9.868
143050537,   0.010,  -0.015,  -0.011,  -0.083,  -0.040,   9.888
143069754,   0.009,  -0.017,  -0.010,  -0.051,  -0.037,   9.881
143088970,   0.006,  -0.015,  -0.012,  -0.066,  -0.042,   9.849
143110591,   0.007,  -0.015,  -0.010,  -0.065,  -0.049,   9.864
143129806,   0.009,  -0.015,  -0.011,  -0.075,  -0.047,   9.879
143149026,   0.009,  -0.016,  -0.011,  -0.079,  -0.066,   9.872
143170645,   0.009,  -0.015,  -0.010,  -0.067,  -0.056,   9.880
143189860,   0.009,  -0.015,  -0.012,  -0.066,  -0.055,   9.874
143209079,   0.007,  -0.014,  -0.012,  -0.079,  -0.042,   9.872
143230700,   0.010,  -0.016,  -0.011,  -0.071,  -0.044,   9.873
143249914,   0.007,  -0.016,  -0.010,  -0.063,  -0.042,   9.873
143269133,   0.007,  -0.016,  -0.010,  -0.066,  -0.060,   9.875
143290751,   0.010,  -0.014,  -0.010,  -0.077,  -0.049,   9.878
143309968,   0.009,  -0.015,  -0.011,  -0.078,  -0.032,   9.886
143331590,   0.007,  -0.016,  -0.010,  -0.072,  -0.037,   9.876
143350807,   0.009,  -0.016,  -0.011,  -0.078,  -0.050,   9.890
143370024,   0.006,  -0.016,  -0.011,  -0.066,  -0.051,   9.866
143391644,   0.007,  -0.015,  -0.010,  -0.062,  -0.050,   9.880
143410860,   0.009,  -0.015,  -0.011,  -0.059,  -0.043,   9.875
143430078,   0.007,  -0.016,  -0.012,  -0.073,  -0.026,   9.870
143451697,   0.002,  -0.012,  -0.010,  -0.063,  -0.008,   9.821
143470915,  -0.018,  -0.004,  -0.011,  -0.051,   0.045,   9.796
143490131,  -0.027,  -0.004,  -0.009,  -0.047,   0.035,   9.914
143511753,  -0.018,  -0.012,  -0.007,  -0.053,  -0.085,   9.969
143530970,  -0.006,  -0.015,  -0.009,  -0.074,  -0.170,   9.887
143550185,   0.012,  -0.007,  -0.011,  -0.083,  -0.250,   9.801
143571805,   0.025,  -0.010,  -0.010,  -0.109,  -0.171,   9.833
143591023,   0.030,  -0.014,  -0.010,  -0.122,  -0.059,   9.864
143612643,   0.016,  -0.015,  -0.011,  -0.081,   0.061,   9.900
143631860,   0.004,  -0.014,  -0.010,  -0.093,   0.049,   9.858
143651077,   0.009,  -0.013,  -0.010,  -0.055,  -0.031,   9.838
143672696,  -0.001,  -0.015,  -0.012,  -0.048,  -0.138,   9.932
143691914,   0.004,  -0.019,  -0.011,  -0.074,  -0.129,   9.898
143711133,   0.021,  -0.015,  -0.009,  -0.084,  -0.103,   9.835
143732749,   0.016,  -0.014,  -0.009,  -0.099,  -0.029,   9.869
143751969,   0.016,  -0.013,  -0.010,  -0.090,  -0.016,   9.873
143771186,   0.013,  -0.013,  -0.011,  -0.095,  -0.006,   9.899
143792805,  -0.001,  -0.017,  -0.011,  -0.101,  -0.048,   9.880
143812021,   0.004,  -0.017,  -0.011,  -0.084,  -0.063,   9.880
143833641,   0.012,  -0.015,  -0.011,  -0.069,  -0.086,   9.880
143852859,   0.009,  -0.016,  -0.012,  -0.086,  -0.086,   9.887
143872078,   0.014,  -0.015,  -0.011,  -0.081,  -0.026,   9.867
143893694,   0.010,  -0.015,  -0.010,  -0.079,  -0.032,   9.867
143912912,   0.004,  -0.015,  -0.010,  -0.093,  -0.029,   9.886
143932131,   0.005,  -0.015,  -0.011,  -0.075,  -0.051,   9.886
143953748,   0.006,  -0.015,  -0.010,  -0.078,  -0.080,   9.888
143972965,   0.009,  -0.016,  -0.010,  -0.083,  -0.072,   9.886
143992185,   0.012,  -0.016,  -0.011,  -0.095,  -0.057,   9.880
144013803,   0.010,  -0.016,  -0.012,  -0.062,  -0.047,   9.887
144035424,   0.009,  -0.015,  -0.010,  -0.075,  -0.043,   9.868
144054639,   0.006,  -0.014,  -0.012,  -0.093,  -0.062,   9.890
144073857,   0.007,  -0.016,  -0.012,  -0.085,  -0.063,   9.861
144095479,   0.007,  -0.015,  -0.012,  -0.110,  -0.061,   9.875
144114693,   0.009,  -0.016,  -0.010,  -0.084,  -0.077,   9.879
144136314,   0.010,  -0.017,  -0.010,  -0.072,  -0.047,   9.879
144155532,   0.010,  -0.015,  -0.011,  -0.079,  -0.035,   9.869
144174747,   0.007,  -0.015,  -0.010,  -0.084,  -0.043,   9.870
144196369,   0.005,  -0.015,  -0.011,  -0.078,  -0.051,   9.891
144215587,   0.009,  -0.017,  -0.012,  -0.075,  -0.077,   9.861
144234801,   0.007,  -0.015,  -0.011,  -0.083,  -0.053,   9.872
144256423,   0.010,  -0.014,  -0.012,  -0.063,  -0.066,   9.870
144275640,   0.009,  -0.016,  -0.010,  -0.086,  -0.050,   9.868
144294856,   0.009,  -0.017,  -0.011,  -0.073,  -0.056,   9.866
144316476,   0.009,  -0.016,  -0.012,  -0.079,  -0.049,   9.882
144335694,   0.009,  -0.014,  -0.011,  -0.097,  -0.054,   9.884
144354910,   0.010,  -0.015,  -0.011,  -0.098,  -0.050,   9.887
144376531,   0.010,  -0.016,  -0.012,  -0.093,  -0.057,   9.866
144395749,   0.009,  -0.016,  -0.011,  -0.067,  -0.044,   9.862
144414966,   0.010,  -0.014,  -0.010,  -0.086,  -0.054,   9.885
144436583,   0.009,  -0.014,  -0.011,  -0.091,  -0.041,   9.875
144455802,   0.007,  -0.016,  -0.009,  -0.089,  -0.062,   9.866
144475020,   0.007,  -0.016,  -0.011,  -0.078,  -0.065,   9.868
144496639,   0.007,  -0.014,  -0.011,  -0.079,  -0.055,   9.875
144515856,   0.009,  -0.016,  -0.012,  -0.095,  -0.067,   9.881
144535072,   0.007,  -0.015,  -0.011,  -0.071,  -0.073,   9.897
144556695,   0.009,  -0.016,  -0.012,  -0.067,  -0.045,   9.875
144575912,   0.009,  -0.015,  -0.011,  -0.074,  -0.065,   9.869
144595128,   0.010,  -0.015,  -0.011,  -0.091,  -0.051,   9.869
144616747,   0.007,  -0.015,  -0.010,  -0.086,  -0.061,   9.868
144635965,   0.009,  -0.015,  -0.011,  -0.089,  -0.045,   9.875
144655182,   0.009,  -0.016,  -0.011,  -0.093,  -0.049,   9.879
144676800,   0.009,  -0.016,  -0.011,  -0.095,  -0.037,   9.882
144696020,   0.009,  -0.014,  -0.012,  -0.079,  -0.044,   9.874
144717639,   0.009,  -0.015,  -0.012,  -0.096,  -0.050,   9.866
144736856,   0.009,  -0.016,  -0.011,  -0.078,  -0.057,   9.874
144758473,   0.007,  -0.015,  -0.012,  -0.111,  -0.054,   9.879
144777692,   0.009,  -0.015,  -0.011,  -0.101,  -0.041,   9.887
144796910,   0.010,  -0.014,  -0.011,  -0.092,  -0.055,   9.863
144818528,   0.007,  -0.016,  -0.010,  -0.098,  -0.063,   9.880
144837745,   0.007,  -0.016,  -0.010,  -0.085,  -0.053,   9.872
144856962,   0.009,  -0.015,  -0.011,  -0.075,  -0.061,   9.880
144878582,   0.009,  -0.014,  -0.012,  -0.081,  -0.063,   9.878
144897800,   0.009,  -0.016,  -0.011,  -0.073,  -0.054,   9.878
144917016,   0.009,  -0.017,  -0.010,  -0.069,  -0.059,   9.874
144938636,   0.009,  -0.016,  -0.012,  -0.083,  -0.059,   9.885
144957854,   0.010,  -0.015,  -0.011,  -0.095,  -0.066,   9.878
144977072,   0.007,  -0.015,  -0.011,  -0.092,  -0.051,   9.886
144998690,   0.009,  -0.015,  -0.011,  -0.073,  -0.059,   9.872
145017907,   0.009,  -0.016,  -0.011,  -0.077,  -0.062,   9.870
145037127,   0.010,  -0.015,  -0.011,  -0.081,  -0.049,   9.878
145058744,   0.010,  -0.014,  -0.010,  -0.073,  -0.035,   9.884
145077961,   0.009,  -0.016,  -0.011,  -0.077,  -0.037,   9.882
145097182,   0.010,  -0.016,  -0.011,  -0.078,  -0.065,   9.849
145118799,   0.011,  -0.014,  -0.009,  -0.078,  -0.068,   9.869
145138018,   0.019,  -0.012,  -0.010,  -0.090,  -0.053,   9.855
145157235,   0.017,  -0.012,  -0.011,  -0.083,  -0.050,   9.898
145178854,   0.015,  -0.015,  -0.010,  -0.072,  -0.053,   9.894
145198070,   0.005,  -0.017,  -0.012,  -0.085,  -0.012,   9.906
145217289,   0.006,  -0.015,  -0.010,  -0.093,  -0.024,   9.845
145238908,   0.004,  -0.015,  -0.011,  -0.091,  -0.049,   9.894
145258124,  -0.001,  -0.018,  -0.013,  -0.105,  -0.061,   9.888
145277344,   0.006,  -0.016,  -0.011,  -0.092,  -0.075,   9.857
145296562,   0.011,  -0.015,  -0.011,  -0.068,  -0.071,   9.874
145318177,   0.007,  -0.014,  -0.012,  -0.063,  -0.034,   9.890
145337396,   0.009,  -0.016,  -0.011,  -0.056,  -0.025,   9.879
145356614,   0.009,  -0.016,  -0.010,  -0.057,  -0.047,   9.867
145378233,   0.005,  -0.015,  -0.011,  -0.068,  -0.045,   9.873
145397452,   0.006,  -0.014,  -0.010,  -0.099,  -0.048,   9.899
145416667,   0.009,  -0.016,  -0.010,  -0.098,  -0.056,   9.868
145438288,   0.009,  -0.015,  -0.011,  -0.095,  -0.061,   9.866
145457505,   0.010,  -0.015,  -0.011,  -0.080,  -0.047,   9.881
145476723,   0.010,  -0.016,  -0.011,  -0.075,  -0.051,   9.874
145498342,   0.009,  -0.015,  -0.012,  -0.074,  -0.055,   9.868
145517560,   0.011,  -0.016,  -0.011,  -0.078,  -0.053,   9.897
145536782,   0.019,  -0.010,  -0.012,  -0.057,  -0.074,   9.899
145558395,   0.013,  -0.014,  -0.013,  -0.075,  -0.068,   9.802
145577613,   0.005,  -0.017,  -0.012,  -0.087,  -0.034,   9.874
145596831,   0.012,  -0.013,  -0.010,  -0.093,  -0.008,   9.937
145618449,   0.006,  -0.017,  -0.010,  -0.098,  -0.041,   9.830
145637668,   0.003,  -0.017,  -0.012,  -0.081,  -0.066,   9.884
145656884,   0.010,  -0.013,  -0.012,  -0.086,  -0.077,   9.904
145678504,   0.010,  -0.016,  -0.011,  -0.079,  -0.072,   9.878
145697722,   0.010,  -0.016,  -0.012,  -0.086,  -0.048,   9.867
145716939,   0.012,  -0.014,  -0.010,  -0.090,  -0.018,   9.874
145738558,   0.006,  -0.016,  -0.011,  -0.074,  -0.036,   9.886
145757776,   0.006,  -0.016,  -0.012,  -0.075,  -0.037,   9.854
145776994,   0.010,  -0.015,  -0.010,  -0.084,  -0.074,   9.876
145798611,   0.007,  -0.016,  -0.011,  -0.091,  -0.071,   9.885
145817828,   0.009,  -0.016,  -0.013,  -0.092,  -0.049,   9.879
145837048,   0.009,  -0.015,  -0.010,  -0.080,  -0.043,   9.870
145858665,   0.007,  -0.015,  -0.010,  -0.074,  -0.048,   9.886
145877882,   0.007,  -0.017,  -0.011,  -0.069,  -0.055,   9.892
