26876999,0.009,-0.016,-0.011,-0.508,-1.13,9.811
26898619,0.009,-0.015,-0.011,-0.502,-1.118,9.805
26917836,0.009,-0.016,-0.012,-0.494,-1.122,9.806
26937054,0.009,-0.016,-0.01,-0.491,-1.135,9.806
26958673,0.007,-0.016,-0.01,-0.487,-1.137,9.82
26977890,0.009,-0.016,-0.01,-0.493,-1.134,9.795
26997108,0.01,-0.016,-0.011,-0.496,-1.136,9.826
27018727,0.006,-0.015,-0.011,-0.492,-1.115,9.82
27037944,0.009,-0.016,-0.01,-0.494,-1.127,9.802
27057162,0.009,-0.016,-0.011,-0.487,-1.138,9.815
27078782,0.009,-0.015,-0.01,-0.491,-1.129,9.79
27097999,0.009,-0.015,-0.011,-0.49,-1.137,9.811
27117216,0.009,-0.016,-0.011,-0.484,-1.125,9.811
27138837,0.009,-0.016,-0.01,-0.508,-1.143,9.808
27158053,0.01,-0.016,-0.01,-0.503,-1.141,9.815
27177271,0.007,-0.015,-0.01,-0.497,-1.135,9.801
27198891,0.007,-0.015,-0.01,-0.498,-1.125,9.817
27218107,0.009,-0.015,-0.01,-0.484,-1.143,9.814
27237325,0.01,-0.016,-0.01,-0.51,-1.142,9.814
27256543,0.009,-0.016,-0.011,-0.496,-1.117,9.796
27278161,0.009,-0.014,-0.011,-0.509,-1.134,9.797
27297379,0.007,-0.015,-0.011,-0.503,-1.122,9.806
27316597,0.009,-0.016,-0.01,-0.504,-1.129,9.831
27338217,0.009,-0.015,-0.011,-0.504,-1.134,9.811
27357433,0.009,-0.016,-0.01,-0.496,-1.142,9.8
27376651,0.009,-0.017,-0.012,-0.496,-1.125,9.805
27398270,0.009,-0.015,-0.01,-0.487,-1.129,9.815
27417488,0.009,-0.015,-0.01,-0.496,-1.137,9.814
27436706,0.009,-0.014,-0.012,-0.508,-1.14,9.808
27458324,0.009,-0.015,-0.011,-0.503,-1.127,9.806
27477543,0.009,-0.016,-0.01,-0.498,-1.13,9.808
27496760,0.007,-0.016,-0.011,-0.5,-1.127,9.809
27518379,0.009,-0.016,-0.01,-0.512,-1.127,9.796
27537596,0.009,-0.016,-0.011,-0.492,-1.125,9.808
27556814,0.007,-0.016,-0.01,-0.504,-1.138,9.797
27578434,0.009,-0.015,-0.011,-0.503,-1.128,9.799
27597650,0.009,-0.015,-0.011,-0.508,-1.129,9.805
27616868,0.009,-0.015,-0.011,-0.491,-1.132,9.809
27638488,0.007,-0.015,-0.01,-0.508,-1.129,9.806
27657705,0.007,-0.016,-0.01,-0.509,-1.123,9.812
27676923,0.009,-0.016,-0.01,-0.504,-1.138,9.806
27698541,0.009,-0.015,-0.009,-0.504,-1.132,9.809
27717760,0.007,-0.017,-0.012,-0.498,-1.13,9.808
27736977,0.009,-0.016,-0.01,-0.505,-1.123,9.797
27758596,0.007,-0.015,-0.009,-0.499,-1.128,9.825
27777814,0.009,-0.016,-0.011,-0.502,-1.128,9.808
27797030,0.007,-0.016,-0.011,-0.502,-1.125,9.805
27818650,0.007,-0.016,-0.01,-0.497,-1.144,9.809
27837867,0.007,-0.015,-0.011,-0.496,-1.137,9.813
27857084,0.009,-0.017,-0.01,-0.488,-1.131,9.819
27878705,0.009,-0.016,-0.011,-0.493,-1.14,9.799
27897921,0.007,-0.017,-0.01,-0.496,-1.132,9.803
27917139,0.009,-0.015,-0.012,-0.496,-1.132,9.799
27938758,0.01,-0.017,-0.011,-0.505,-1.124,9.809
27957976,0.009,-0.015,-0.009,-0.504,-1.138,9.809
27977193,0.007,-0.017,-0.009,-0.496,-1.119,9.821
27998812,0.009,-0.015,-0.011,-0.502,-1.13,9.803
28018030,0.009,-0.015,-0.01,-0.49,-1.132,9.814
28037247,0.007,-0.016,-0.011,-0.505,-1.124,9.811
28058867,0.01,-0.016,-0.012,-0.499,-1.122,9.793
28078084,0.01,-0.015,-0.01,-0.511,-1.132,9.799
28097301,0.009,-0.015,-0.012,-0.503,-1.137,9.796
28118921,0.009,-0.015,-0.011,-0.487,-1.13,9.805
28138139,0.007,-0.015,-0.011,-0.494,-1.121,9.805
28157356,0.009,-0.016,-0.01,-0.503,-1.144,9.803
28176573,0.007,-0.015,-0.011,-0.511,-1.134,9.807
28198194,0.01,-0.015,-0.011,-0.498,-1.135,9.794
28217411,0.009,-0.015,-0.012,-0.506,-1.128,9.803
28236628,0.006,-0.016,-0.011,-0.499,-1.117,9.8
28258247,0.009,-0.016,-0.011,-0.508,-1.125,9.795
28277465,0.009,-0.015,-0.011,-0.488,-1.135,9.793
28296682,0.009,-0.016,-0.009,-0.502,-1.131,9.806
28318301,0.01,-0.016,-0.011,-0.5,-1.143,9.803
28337519,0.007,-0.015,-0.011,-0.504,-1.131,9.808
28356736,0.009,-0.015,-0.009,-0.502,-1.142,9.809
28378356,0.009,-0.015,-0.011,-0.479,-1.132,9.809
28397573,0.007,-0.015,-0.009,-0.505,-1.138,9.809
28416790,0.009,-0.017,-0.011,-0.49,-1.112,9.799
28438410,0.007,-0.015,-0.01,-0.504,-1.13,9.806
28457627,0.009,-0.015,-0.01,-0.5,-1.117,9.809
28476844,0.007,-0.014,-0.01,-0.505,-1.131,9.799
28498464,0.009,-0.015,-0.009,-0.496,-1.132,9.809
28517682,0.009,-0.016,-0.009,-0.503,-1.131,9.818
28536898,0.009,-0.016,-0.011,-0.493,-1.111,9.802
28558518,0.006,-0.015,-0.011,-0.494,-1.125,9.82
28577735,0.007,-0.016,-0.011,-0.488,-1.117,9.797
28596953,0.006,-0.015,-0.011,-0.51,-1.153,9.814
28618574,0.009,-0.015,-0.011,-0.5,-1.146,9.813
28637791,0.01,-0.015,-0.011,-0.493,-1.165,9.818
28657007,0.01,-0.016,-0.011,-0.504,-1.149,9.801
28678628,0.009,-0.016,-0.01,-0.506,-1.117,9.807
28697845,0.009,-0.015,-0.01,-0.484,-1.1,9.814
28717062,0.006,-0.016,-0.01,-0.49,-1.111,9.818
28738682,0.007,-0.016,-0.01,-0.505,-1.137,9.817
28757898,0.006,-0.016,-0.011,-0.504,-1.148,9.795
28777117,0.01,-0.014,-0.009,-0.511,-1.149,9.802
28798736,0.01,-0.016,-0.01,-0.488,-1.128,9.797
28817953,0.006,-0.016,-0.012,-0.503,-1.118,9.809
28837171,0.009,-0.016,-0.011,-0.498,-1.115,9.8
28858790,0.009,-0.018,-0.01,-0.506,-1.141,9.818
28878007,0.007,-0.016,-0.01,-0.512,-1.138,9.796
28899627,0.009,-0.015,-0.011,-0.49,-1.13,9.813
28918844,0.007,-0.016,-0.009,-0.493,-1.117,9.806
28940464,0.009,-0.016,-0.011,-0.491,-1.125,9.812
28959681,0.009,-0.017,-0.009,-0.493,-1.14,9.797
28978898,0.007,-0.015,-0.011,-0.496,-1.162,9.773
29000518,0.006,-0.016,-0.01,-0.494,-1.1,9.79
29019735,0.009,-0.016,-0.01,-0.494,-1.134,9.827
29038953,0.009,-0.016,-0.01,-0.503,-1.118,9.806
29060572,0.007,-0.016,-0.012,-0.522,-1.123,9.801
29079789,0.009,-0.015,-0.01,-0.502,-1.115,9.809
29099008,0.009,-0.016,-0.01,-0.509,-1.122,9.813
29120626,0.009,-0.016,-0.012,-0.494,-1.131,9.794
29139844,0.007,-0.014,-0.011,-0.509,-1.129,9.812
29159062,0.009,-0.015,-0.01,-0.506,-1.134,9.802
29180681,0.007,-0.017,-0.01,-0.498,-1.146,9.801
29199899,0.009,-0.015,-0.01,-0.512,-1.13,9.82
29219117,0.009,-0.016,-0.011,-0.504,-1.136,9.8
29240736,0.01,-0.015,-0.01,-0.514,-1.141,9.808
29259953,0.007,-0.015,-0.01,-0.494,-1.135,9.8
29279170,0.009,-0.015,-0.01,-0.494,-1.141,9.805
29300790,0.009,-0.016,-0.01,-0.498,-1.144,9.812
29320008,0.006,-0.015,-0.011,-0.512,-1.138,9.805
29339224,0.007,-0.015,-0.011,-0.497,-1.128,9.815
29360844,0.009,-0.016,-0.009,-0.508,-1.143,9.815
29380060,0.007,-0.015,-0.011,-0.497,-1.134,9.799
29399278,0.009,-0.015,-0.009,-0.493,-1.11,9.82
29420898,0.006,-0.016,-0.011,-0.49,-1.131,9.807
29440116,0.006,-0.017,-0.01,-0.481,-1.127,9.8
29459332,0.01,-0.015,-0.01,-0.493,-1.147,9.806
29478549,0.007,-0.015,-0.011,-0.506,-1.146,9.82
29500170,0.009,-0.017,-0.011,-0.494,-1.136,9.803
29519386,0.007,-0.015,-0.01,-0.506,-1.117,9.809
29538604,0.007,-0.016,-0.01,-0.498,-1.113,9.82
29560224,0.007,-0.017,-0.011,-0.494,-1.143,9.808
29579442,0.007,-0.014,-0.01,-0.511,-1.14,9.819
29598659,0.01,-0.016,-0.01,-0.498,-1.138,9.802
29620277,0.007,-0.016,-0.011,-0.49,-1.134,9.806
29639495,0.01,-0.015,-0.011,-0.503,-1.13,9.813
29658713,0.009,-0.016,-0.009,-0.508,-1.13,9.803
29680332,0.009,-0.015,-0.011,-0.505,-1.13,9.797
29699549,0.009,-0.015,-0.01,-0.488,-1.13,9.793
29718767,0.009,-0.014,-0.011,-0.497,-1.152,9.803
29740387,0.007,-0.015,-0.011,-0.503,-1.143,9.814
29759604,0.007,-0.014,-0.01,-0.491,-1.134,9.813
29778821,0.007,-0.015,-0.01,-0.512,-1.137,9.807
29800440,0.01,-0.015,-0.01,-0.502,-1.13,9.805
29819658,0.007,-0.016,-0.011,-0.486,-1.13,9.791
29838875,0.007,-0.017,-0.01,-0.499,-1.135,9.812
29860494,0.01,-0.017,-0.011,-0.488,-1.138,9.803
29879712,0.007,-0.016,-0.01,-0.506,-1.142,9.807
29898930,0.01,-0.016,-0.011,-0.493,-1.129,9.805
29920549,0.009,-0.016,-0.011,-0.494,-1.135,9.815
29939767,0.007,-0.016,-0.011,-0.484,-1.136,9.803
29958983,0.007,-0.015,-0.01,-0.498,-1.14,9.805
29980603,0.009,-0.015,-0.011,-0.499,-1.137,9.82
29999821,0.007,-0.015,-0.01,-0.511,-1.134,9.808
30019039,0.006,-0.016,-0.011,-0.492,-1.123,9.808
30040658,0.007,-0.016,-0.01,-0.51,-1.143,9.806
30059875,0.009,-0.015,-0.01,-0.503,-1.128,9.813
30079093,0.01,-0.014,-0.011,-0.511,-1.131,9.818
30100712,0.007,-0.015,-0.01,-0.49,-1.137,9.807
30119929,0.007,-0.015,-0.01,-0.542,-1.14,9.825
30139147,0.007,-0.016,-0.011,-0.502,-1.158,9.818
30160767,0.009,-0.014,-0.011,-0.504,-1.129,9.796
30179984,0.007,-0.014,-0.01,-0.49,-1.135,9.794
30199202,0.007,-0.015,-0.011,-0.51,-1.13,9.809
30220820,0.01,-0.015,-0.01,-0.511,-1.141,9.808
30240038,0.009,-0.015,-0.011,-0.506,-1.136,9.802
30259255,0.007,-0.015,-0.01,-0.503,-1.131,9.807
30280875,0.01,-0.016,-0.01,-0.49,-1.129,9.785
30300092,0.009,-0.015,-0.01,-0.494,-1.141,9.805
30319309,0.006,-0.017,-0.011,-0.497,-1.135,9.809
30340929,0.007,-0.016,-0.011,-0.522,-1.136,9.803
30360146,0.009,-0.015,-0.011,-0.497,-1.131,9.802
30379364,0.007,-0.016,-0.011,-0.504,-1.138,9.812
30398582,0.007,-0.016,-0.01,-0.512,-1.135,9.807
30420201,0.007,-0.016,-0.01,-0.508,-1.127,9.827
30439418,0.007,-0.015,-0.011,-0.514,-1.146,9.811
30458636,0.009,-0.016,-0.009,-0.509,-1.122,9.805
30480255,0.009,-0.016,-0.01,-0.504,-1.131,9.791
30499473,0.009,-0.016,-0.011,-0.492,-1.13,9.8
30518690,0.009,-0.016,-0.011,-0.5,-1.127,9.8
30540310,0.009,-0.015,-0.011,-0.517,-1.149,9.801
30559527,0.007,-0.015,-0.01,-0.505,-1.149,9.796
30578745,0.009,-0.017,-0.01,-0.497,-1.129,9.807
30600363,0.007,-0.015,-0.012,-0.51,-1.138,9.814
30619582,0.007,-0.014,-0.01,-0.498,-1.128,9.802
30638799,0.007,-0.017,-0.01,-0.52,-1.132,9.803
30660419,0.007,-0.017,-0.012,-0.512,-1.127,9.795
30679635,0.009,-0.014,-0.011,-0.514,-1.138,9.83
30698852,0.006,-0.016,-0.011,-0.508,-1.134,9.809
30720473,0.009,-0.015,-0.011,-0.503,-1.112,9.813
30739690,0.009,-0.015,-0.012,-0.497,-1.127,9.812
30758907,0.009,-0.016,-0.011,-0.493,-1.144,9.796
30780526,0.009,-0.014,-0.011,-0.516,-1.134,9.802
30799744,0.009,-0.016,-0.01,-0.515,-1.149,9.815
30818961,0.009,-0.016,-0.011,-0.51,-1.144,9.794
30840581,0.007,-0.015,-0.009,-0.506,-1.141,9.809
30859798,0.007,-0.016,-0.011,-0.503,-1.134,9.809
30879016,0.009,-0.015,-0.01,-0.499,-1.135,9.802
30900635,0.007,-0.014,-0.011,-0.51,-1.135,9.811
30919852,0.01,-0.015,-0.011,-0.496,-1.137,9.806
30939069,0.01,-0.016,-0.011,-0.508,-1.13,9.806
30960689,0.007,-0.016,-0.011,-0.493,-1.142,9.796
30979906,0.009,-0.015,-0.01,-0.514,-1.136,9.818
30999123,0.007,-0.015,-0.01,-0.488,-1.128,9.809
31020743,0.006,-0.016,-0.012,-0.491,-1.136,9.805
31039961,0.007,-0.016,-0.012,-0.502,-1.128,9.809
31059179,0.009,-0.015,-0.01,-0.497,-1.153,9.801
31080797,0.009,-0.015,-0.011,-0.515,-1.131,9.793
31100015,0.01,-0.016,-0.011,-0.491,-1.15,9.799
31119232,0.009,-0.015,-0.012,-0.503,-1.128,9.809
31140852,0.007,-0.016,-0.01,-0.488,-1.136,9.803
31160069,0.01,-0.016,-0.013,-0.498,-1.138,9.811
31181690,0.004,-0.022,-0.012,-0.42,-1.116,9.813
31200906,0.005,-0.019,-0.01,-0.31,-1.125,9.838
31222528,0.01,-0.012,-0.009,-0.481,-1.112,9.672
31241743,0.007,-0.015,-0.01,-0.517,-1.281,9.812
31260960,0.013,-0.016,-0.009,-0.476,-1.057,9.597
31282580,0.009,-0.013,-0.006,-0.506,-1.413,9.886
31301797,-0.03,-0.056,-0.048,0.681,-1.196,10.103
31323419,-0.071,-0.174,-0.115,2.735,-1.51,10.215
31342634,-0.059,0.039,-0.065,0.645,-1.02,10.178
31361852,0.063,0.105,0.022,-0.839,-0.963,9.035
31383473,0.021,-0.056,0.018,-0.722,-1.186,9.843
31402688,-0.099,-0.167,-0.031,2.348,-0.601,10.604
31421906,-0.112,-0.182,-0.056,2.358,-0.82,10.529
31443526,-0.027,-0.066,-0.056,1.435,-1.549,9.772
31462743,0.048,0.108,-0.01,-0.289,-1.317,8.837
31481960,0.043,0.029,-0.012,0.126,-0.929,9.507
31503581,-0.004,-0.129,-0.075,1.581,-1.33,10.58
31522797,-0.043,0.02,-0.011,-0.04,-0.977,10.453
31544416,0.074,0.086,0.011,-0.904,-1.056,9.795
31563636,-0.036,-0.099,-0.069,0.285,-0.566,9.933
31582851,-0.054,-0.076,-0.059,-0.241,-1.22,10.474
31604472,-0.009,0.019,-0.025,-0.391,-1.323,10.042
31623689,-0.02,-0.089,-0.051,1.286,-1.024,9.232
31642905,-0.015,-0.049,-0.034,0.5,-1.057,9.528
31664528,-0.027,0.02,-0.017,0.436,-1.672,9.789
31683745,-0.056,0.029,-0.007,-0.219,-1.593,10.103
31705362,-0.08,-0.054,-0.034,0.512,-1.083,9.874
31724581,-0.025,-0.123,-0.062,0.985,-0.56,9.803
31743799,-0.027,0.066,-0.015,0.165,-0.838,9.917
31765419,0.005,-0.017,-0.032,1.512,-1.239,9.892
31784635,-0.011,-0.01,-0.026,0.151,-1.301,9.597
31803853,-0.021,0.004,-0.004,-0.154,-1.227,9.771
31825473,-0.015,-0.027,-0.02,0.239,-1.319,9.31
31844689,0.01,-0.071,-0.039,-0.055,-1.33,10.376
31866308,0.034,0.044,-0.02,0.184,-1.591,9.414
31885527,0.136,-0.1,-0.088,1.116,-0.97,9.375
31904743,0.108,0.03,-0.059,0.249,-1.671,9.405
31926362,0.083,0.015,-0.034,-0.318,-1.007,10.082
31947982,-0.002,-0.037,-0.031,-0.287,-0.503,9.607
31967199,-0.052,-0.125,-0.013,-0.784,-0.3,9.898
31986416,-0.065,-0.036,0.018,0.718,-1.729,10.094
32008036,-0.05,0.039,0.068,-0.303,-1.518,10.584
32027253,-0.032,-0.005,-0.021,0.393,-1.15,10.486
32046470,0.022,-0.031,-0.033,-1.091,-1.562,10.001
32068090,0.087,-0.045,-0.039,0.049,-1.461,8.769
32087307,0.092,-0.051,-0.009,0.318,-1.687,8.821
32108927,0.019,0.019,0.011,-0.504,-1.464,10.031
32128144,-0.001,0.167,0.005,-0.837,-1.281,10.365
32147361,0.013,0.025,-0.004,-1.039,-1.777,9.669
32166578,-0.017,-0.025,-0.04,-0.882,-1.21,9.461
32188198,0.016,-0.112,-0.027,-0.047,-1.721,9.583
32207416,-0.013,0.031,-0.03,-0.439,-1.18,9.809
32226633,0.039,0.07,0.006,-0.943,-1.314,10.204
32248253,-0.018,-0.029,-0.056,0.168,-0.822,10.373
32267470,-0.011,-0.019,-0.034,-1.241,-1.294,9.812
32286687,-0.009,-0.085,-0.054,0.939,-0.648,9.721
32308307,0.043,-0.045,-0.03,-0.257,-0.782,9.724
32327526,0.032,-0.003,-0.018,0.156,-1.507,9.523
32346741,-0.068,0.074,-0.018,-0.235,-1.238,10.026
32368362,-0.11,0.063,-0.026,-0.994,-1.551,9.885
32387580,-0.097,0.026,-0.036,-0.54,-1.012,9.897
32406795,-0.002,-0.005,0.014,-1,-1.828,9.735
32428417,0.005,0.065,0.029,0.266,-1.768,9.908
32447633,0.028,0.014,0.042,-0.881,-1.51,9.474
32466850,-0.001,-0.047,-0.019,-0.939,-1.472,10.333
32488472,0.061,-0.043,-0.007,-0.001,-1.404,9.845
32507687,0.14,-0.082,-0.053,0.363,-1.372,9.196
32526904,0.063,0.056,-0.055,-0.322,-1.757,9.241
32548527,0.03,-0.014,-0.028,-0.443,-1.508,8.976
32567741,-0.022,-0.033,-0.032,-0.673,-0.294,9.965
32589360,-0.074,-0.089,0.002,-0.857,-1.244,9.903
32608579,-0.065,0.012,0.046,-0.435,-1.434,10.802
32627795,-0.046,0.061,0.067,-1.032,-1.763,9.987
32649416,-0.013,-0.03,-0.002,-0.9,-1.613,10.116
32668633,0.039,-0.036,-0.029,-0.764,-1.716,9.963
32687849,0.046,-0.119,-0.036,0.061,-1.937,8.605
32709470,-0.48,0.27,0.194,-23.622,-8.834,15.552
32728687,-0.458,0.635,-0.192,-14.241,-3.471,11.451
32747904,0.051,-0.561,0.047,-4.681,-2.187,5.479
32769524,0.273,-1.181,-0.114,-0.333,-3.157,5.393
32788743,0.772,-1.215,-0.404,7.763,-4.643,7.826
32807959,1.349,-0.35,0.201,7.204,-3.387,12.521
32829577,0.508,0.24,0.521,7.287,2.17,6.629
32848797,0.37,0.718,0.475,3.214,0.042,5.257
32868013,-0.031,0.784,0.3,-1.502,-0.253,9.83
32889633,-0.626,0.659,-0.096,-1.226,-0.587,13.06
32908850,-0.615,-0.066,-0.308,-11.519,-1.522,19.34
32928066,-0.52,-0.49,-0.251,-8.526,-1.512,13.944
32949689,-0.076,-1.161,-0.121,-2.449,-1.184,7.889
32968904,-0.129,-1.598,-0.229,2.23,-1.597,9.724
32988121,-0.293,-1.56,-0.336,9.03,-1.623,10.707
33009743,-0.17,-1.03,-0.037,4.604,-0.271,9.756
33028959,-0.088,-0.863,0.01,5.103,-0.553,7.707
33048176,0.18,-0.704,-0.012,4.632,-2.118,7.731
33069794,0.18,-0.705,-0.101,5.807,-2.276,7.68
33089012,0.214,-0.597,-0.06,4.124,-1.726,8.641
33110633,-0.014,-0.385,-0.128,3.91,-1.407,8.435
33129851,-0.003,-0.304,-0.217,4.289,-1.575,8.094
33151468,0.289,-0.047,-0.152,4.115,-0.831,6.558
33170686,0.374,0.153,-0.071,4.268,-1.164,7.607
33189904,0.317,0.27,-0.042,2.933,-1.01,8.6
33211523,0.355,0.316,0.058,2.507,-1,11.282
33230740,-0.03,0.039,0.033,0.661,-0.308,11.299
33249959,-0.118,-0.058,-0.059,1.194,-0.901,11.416
33271577,-0.19,-0.091,-0.092,1.196,-0.638,10.512
33290795,-0.053,-0.04,-0.107,0.292,-0.974,9.256
33310011,-0.07,-0.058,-0.131,1.13,-1.732,8.895
33331631,-0.072,0.018,-0.099,1.258,-1.553,9.196
33350848,-0.036,0.044,-0.072,1.609,-1.462,9.457
33372468,-0.055,0,-0.048,1.955,-1.3,9.392
33391685,-0.003,-0.093,-0.077,1.992,-0.985,9.529
33410904,0.077,-0.036,-0.068,1.246,-1.548,9.304
33432522,0.093,0.032,-0.085,0.623,-1.648,10.159
33451741,-0.003,0.016,-0.097,0.53,-0.964,10.698
33470956,0.002,0.022,-0.089,0.909,-0.77,10.476
33492577,0,-0.054,-0.095,1.144,-0.998,9.667
33511795,0.004,-0.08,-0.071,0.725,-0.654,9.143
33533414,-0.028,-0.039,-0.053,0.97,-0.81,9.617
33552631,-0.208,0.624,0.031,-12.106,1.366,13.048
33571848,-1.407,1.573,-0.039,-7.07,-1.328,18.857
33593470,-0.993,1.547,0.25,3.001,0.82,9.232
33612685,-0.895,0.291,0.063,3.758,-2.463,6.466
33631902,-0.295,-0.14,0.055,0.645,-1.121,7.61
33653523,-0.026,0.55,-0.013,1.93,-4.103,13.337
33672740,-0.459,0.882,0.054,4.711,-4.707,12.329
33691958,-0.245,0.79,0.036,5.556,-1.069,9.157
33713579,0.215,0.593,0,4.554,-2.312,7.403
33732795,0.33,0.486,0.042,4.279,-2.328,7.948
33752012,0.564,0.407,0.103,0.535,-2.172,8.441
33773631,0.601,0.224,0.04,-0.381,-2.302,9.326
33792847,0.145,-0.333,-0.185,-2.209,0.204,10.714
33812067,0.487,-0.668,-0.261,0.11,-0.354,9.754
33833684,0.679,-0.534,-0.145,1.59,-0.639,8.564
33852902,0.686,0.075,0.093,0.502,-1.182,6.542
33872118,0.429,0.463,0.168,1.945,-0.6,6.29
33893740,0.114,0.675,0.107,1.951,-1.475,7.688
33912957,0.016,0.634,0.044,0.775,-0.766,10.55
33932173,-0.082,0.566,-0.065,0.887,-0.017,11.198
33953794,-0.072,0.536,-0.115,-0.205,-0.565,10.42
33973011,-0.135,0.451,-0.101,-0.123,-1.146,8.672
33992228,-0.118,0.392,-0.08,0.154,-1.569,9.353
34013849,-0.121,0.451,-0.034,-0.37,-1.735,9.934
34033065,-0.092,0.599,0.053,-0.825,-2.203,9.584
34052281,-0.037,0.606,0.08,-1.098,-1.143,9.671
34073902,-0.03,0.559,0.066,-1.501,-1.034,10.456
34093118,-0.063,0.494,0.049,-3.024,-0.985,10.422
34112336,0.032,0.401,0.021,-2.54,-1.006,9.437
34131553,-0.039,0.371,0.023,-0.919,-1.247,8.708
34153172,-0.124,0.47,0.058,-2.106,-1.364,9.04
34172389,-0.007,0.453,0.08,-1.86,-1.115,8.618
34191607,-0.076,0.387,0.078,-1.997,-2.038,8.78
34213227,-0.128,0.322,0.079,-3.615,-2.381,11.344
34232444,-0.372,0.704,0.258,-5.06,-1.945,12.668
34251661,-0.285,1.16,0.232,-1.03,-0.363,11.482
34273280,0.04,0.952,0.128,-1.739,-1.403,7.209
34292498,0.119,0.552,0.036,-2.464,-0.723,5.756
34311715,0.263,0.029,-0.145,-6.364,-3.488,7.768
34333335,-0.055,-0.585,-0.258,-7.394,-2.107,11.451
34352552,0.175,-1.015,-0.328,-6.904,-1.437,12.459
34371769,0.543,-1.06,-0.029,-4.567,-1.61,9.141
34393391,0.437,-0.818,0.129,-3.122,-2.264,8.289
34412606,0.256,-0.729,0.064,-2.168,-1.556,8.153
34431824,0.138,-0.545,-0.061,-2.015,-1.372,8.127
34453444,0.176,-0.448,-0.138,-1.601,-1.11,8.57
34472661,0.247,-0.383,-0.166,-2.424,-0.551,9.339
34491879,0.168,-0.359,-0.134,-2.715,-1.119,10.143
34513498,0.069,-0.348,-0.046,-2.6,-0.591,10.061
34532716,0.011,-0.373,-0.002,-2.277,-0.796,9.772
34551932,0.004,-0.394,0.028,-1.902,-0.854,9.04
34573554,0.003,-0.382,-0.002,-1.504,-0.995,9.284
34592769,-0.007,-0.328,-0.029,-1.651,-1.08,9.404
34611986,-0.002,-0.283,-0.048,-1.586,-1.304,9.369
34633608,-0.01,-0.266,-0.038,-1.646,-1.136,9.643
34652823,-0.038,-0.304,-0.025,-0.916,-1.091,10.216
34672040,-0.178,-0.523,-0.002,1.27,-0.909,10.136
34693662,-0.126,-0.717,-0.034,0.949,-0.606,11.148
34712877,-0.082,-0.575,-0.07,0.036,-1.059,10.48
34732095,-0.104,-0.591,-0.121,0.673,-1.682,9.697
34753714,-0.175,-0.556,-0.126,0.753,-1.115,9.375
34772931,-0.061,-0.525,-0.092,0.939,-0.808,9.274
34792149,-0.012,-0.522,-0.069,0.998,-1.086,9.357
34813771,0.082,-0.667,-0.086,0.678,-1.347,10.468
34832985,0.016,-0.503,-0.028,0.181,-1.305,10.274
34852203,0.052,-0.542,-0.071,0.917,-1.379,9.056
34873823,-0.048,-0.589,-0.093,0.62,-1.459,10.13
34893039,0.032,-0.636,-0.125,0.08,-1.371,9.92
34912258,-0.003,-0.662,-0.111,1.567,-1.445,9.399
34933877,-0.022,-0.622,-0.058,0.092,-1.399,10.746
34953096,-0.022,-0.644,-0.054,0.599,-1.131,9.017
34972313,0.054,-0.727,-0.062,0.081,-0.723,9.631
34993930,0.087,-0.781,-0.123,1.237,-1.153,8.351
35013149,0.119,-0.901,-0.18,2.198,-1.726,8.191
35032367,0.047,-0.731,-0.109,3.328,-1.998,13.061
35051584,-0.205,0.038,0.179,2.166,-1.25,11.379
35073202,-0.241,0.175,0.144,2.143,-0.071,9.382
35092420,-0.229,0.365,0.054,4.663,-0.497,8.263
35111638,-0.04,0.511,-0.022,-0.71,-1.838,9.275
35133257,0.238,0.605,0.162,-8.458,-7.698,11.153
35152475,0.003,0.435,0.131,-8.889,-2.291,15.384
35171691,0.48,-0.101,0.066,-6.787,-2.525,11.846
35193313,0.893,-0.691,0.182,-3.137,0.563,8.835
35212529,0.738,-0.973,-0.017,3.881,0.694,9.954
35231747,0.179,-1.021,-0.305,8.836,0.891,11.528
35253364,0.414,-0.75,-0.227,8.12,-0.077,12.023
35272584,0.164,-0.821,-0.169,5.331,0.861,10.356
35291800,0.054,-0.678,-0.082,4.654,-0.626,9.45
35313422,-0.389,-0.763,-0.101,3.971,1.535,7.701
35332637,-0.245,-0.859,-0.086,4.171,0.249,7.664
35351855,-0.268,-0.706,0.011,4.931,-0.296,7.107
35373474,-0.109,-0.488,0.091,4.113,-0.995,6.662
35392691,-0.256,-0.173,0.119,6.104,-1.314,7.198
35411910,-0.231,0.169,0.078,4.9,-1.156,7.653
35433529,-0.127,0.352,-0.026,5.764,-1.71,7.27
35452746,0.01,0.625,-0.017,4.437,-2.253,9.012
35471962,0.166,0.769,-0.102,4.75,-2.17,9.364
35493584,0.343,0.644,-0.006,3.456,-1.13,11.033
35512799,0.163,0.513,0.007,2.607,-0.668,9.732
35532016,0.05,0.429,-0.001,2.209,-0.384,10.574
35553638,-0.091,0.365,-0.006,0.753,-0.494,10.23
35572853,-0.005,0.392,-0.05,1.993,0.001,9.362
35592070,0.009,0.461,-0.02,1.969,-0.579,8.794
35613692,-0.125,0.464,-0.065,-0.067,-1.421,10.356
35632907,-0.169,0.31,-0.051,-1.061,-0.801,12.248
35654529,-0.199,0.078,-0.059,-0.757,-1.24,11.193
35673747,-0.262,-0.025,-0.016,2.914,0.103,8.008
35692961,-0.093,0.183,0.127,2.149,-0.147,6.931
35714582,-0.105,0.508,0.128,1.67,-1.146,5.221
35733800,-0.001,0.785,0.144,3.29,-0.945,5.622
35753015,0.162,1.005,0.104,3.905,-0.731,5.63
35774636,0.207,0.982,0.058,3.347,-0.913,5.661
35793854,0.288,0.828,0.033,1.687,-0.734,4.645
35813069,-0.075,0.769,0.217,-7.434,-0.487,7.749
35834690,-0.586,2.523,1.002,-8.291,0.078,25.511
35853908,-0.859,3.254,0.96,-4.402,2.422,15.722
35873125,-0.49,2.486,0.437,-1.025,0.042,14.411
35894743,-0.348,1.299,0.064,-1.013,-0.666,11.189
35913962,-0.187,0.528,-0.157,-1.726,-2.045,7.969
35935581,0.083,0.437,-0.131,-1.568,-2.283,7.773
35954801,-0.049,0.418,-0.099,-0.494,-3.299,6.472
35974015,-0.199,0.327,-0.132,1.423,-2.57,5.012
35995636,-0.349,0.274,-0.12,7.121,-3.591,8.595
36014853,-0.866,0.194,-0.11,9.411,-0.172,11.691
36036473,-0.669,0.52,-0.158,3.613,1.246,12.632
36055690,0.108,1.387,0.081,1.865,-1.018,8.086
36074908,0.733,1.761,0.148,-0.314,-2.327,4.064
36096527,1.027,1.827,0.172,-0.985,-3.56,4.824
36115745,0.603,1.744,0.085,-1.289,-3.023,7.711
36134960,0.34,1.5,0.089,-4.228,-0.466,10.441
36156580,-0.085,1.96,0.412,-11.278,-2.273,17.142
36175798,-0.513,2.02,0.246,-10.765,-1.04,14.562
36197416,0.248,0.754,-0.109,-10.692,-3.582,9.788
36216634,0.222,-0.012,0.092,-7.2,-1.444,6.605
36235851,0.424,-0.453,0.009,-5.19,-1.184,5.198
36257470,0.724,-0.552,0.094,-6.814,-1.651,2.987
36276688,0.717,-0.698,0.097,-7.479,-1.317,3.967
36298308,0.638,-0.928,0.063,-7.744,-0.733,4.833
36317525,0.539,-1.261,0.062,-7.512,-0.379,5.186
36336742,0.268,-1.295,0.036,-6.867,1.229,6.169
36358361,0.364,-1.649,0.052,-6.251,0.919,5.44
36377579,0.398,-1.968,0.003,-6.132,0.238,5.202
36396796,0.348,-2.154,-0.029,-5.281,0.294,6.187
36418418,0.02,-2.059,0.101,-5.595,-0.314,9.079
36437633,0.317,-1.521,0.322,-5.039,-2.7,11.3
36459254,-0.719,-0.998,0.446,-0.559,0.498,14.548
36478472,0.256,-0.493,0.213,-0.117,4.35,12.56
36497687,-0.274,-0.148,-0.013,0.03,-0.103,13.1
36519309,-0.183,0.256,-0.16,-1.598,0.717,11.526
36538524,-0.267,0.23,-0.151,-2.952,0.051,7.669
36557742,-0.005,-0.095,-0.142,-3.199,-0.931,6.625
36579361,-0.086,-0.298,-0.115,-2.847,-1.538,7.87
36598579,-0.037,-0.478,-0.046,-3.69,-1.349,9.813
36617797,-0.117,-0.292,0.045,-3.335,-1.331,11.551
36639416,-0.071,-0.001,0.101,-2.084,-0.644,11.58
36658633,-0.078,0.091,0.053,-1.741,-0.433,9.651
36680252,0.028,-0.027,0.015,-1.263,-0.253,8.908
36699470,0.033,-0.117,-0.021,-1.413,-0.47,8.828
36718687,-0.021,-0.168,-0.053,-1.377,-0.53,9.327
36740306,-0.06,-0.157,-0.066,-1.44,-0.54,10.239
36759523,-0.04,0.001,-0.037,-2.045,-0.686,10.786
36778741,-0.025,0.121,-0.002,-2.173,-0.8,10.456
36800361,-0.028,0.077,0.011,-1.931,-0.739,9.225
36819578,-0.01,-0.031,0.001,-1.531,-0.788,8.713
36838796,0.011,-0.107,-0.006,-1.195,-0.712,9.193
36860414,0.017,-0.113,-0.014,-1.05,-0.524,10.03
36879633,0,-0.059,-0.015,-1.062,-0.504,10.402
36898849,-0.01,0.012,-0.01,-1.105,-0.57,10.335
36920469,-0.015,0.051,-0.006,-1.222,-0.675,9.744
36939686,-0.007,0.019,-0.011,-1.437,-0.739,9.205
36958904,0.005,-0.042,-0.017,-1.634,-0.741,9.225
36980523,0.014,-0.067,-0.014,-1.66,-0.724,9.817
36999740,0.014,-0.036,-0.006,-1.548,-0.657,10.154
37018958,0.006,0,-0.004,-1.332,-0.595,10.015
37040577,0.002,0.011,-0.01,-1.158,-0.614,9.649
37059794,-0.003,-0.004,-0.013,-1.107,-0.643,9.517
37079012,0.001,-0.028,-0.015,-1.239,-0.692,9.541
37100631,0.009,-0.038,-0.009,-1.429,-0.7,9.773
37119849,0.007,-0.021,-0.009,-1.525,-0.688,9.976
37139067,0.006,0.002,-0.01,-1.52,-0.669,9.933
37160685,0.011,0.003,-0.013,-1.449,-0.652,9.626
37179904,0.01,-0.014,-0.013,-1.387,-0.649,9.514
37199120,0.006,-0.027,-0.011,-1.386,-0.632,9.626
37220740,0.009,-0.019,-0.01,-1.513,-0.693,9.878
37239957,0.006,-0.003,-0.012,-1.498,-0.724,9.879
37259175,0.001,-0.006,-0.012,-1.246,-0.62,9.821
37280794,0.009,-0.015,-0.01,-1.088,-0.642,9.601
37300011,0.011,-0.02,-0.009,-1.16,-0.601,9.596
37319229,0.006,-0.026,-0.01,-1.348,-0.7,9.765
37340848,0.006,-0.022,-0.013,-1.458,-0.686,9.9
37360065,0.009,-0.005,-0.013,-1.495,-0.644,9.788
37381684,0.009,-0.001,-0.012,-1.518,-0.649,9.647
37400902,0.009,-0.019,-0.01,-1.456,-0.676,9.641
37422522,0.007,-0.031,-0.01,-1.359,-0.66,9.698
37441738,0.01,-0.026,-0.009,-1.32,-0.667,9.783
37463358,0.007,-0.013,-0.012,-1.295,-0.668,9.848
37482575,0.006,-0.007,-0.014,-1.28,-0.669,9.802
37501793,0.009,-0.006,-0.011,-1.349,-0.656,9.688
37523413,0.007,-0.016,-0.007,-1.449,-0.674,9.635
37542630,0.009,-0.02,-0.009,-1.482,-0.668,9.726
37561847,0.009,-0.025,-0.011,-1.429,-0.69,9.766
37583467,0.006,-0.02,-0.011,-1.343,-0.67,9.771
37602684,0.007,-0.013,-0.011,-1.311,-0.657,9.752
37621901,0.009,-0.011,-0.011,-1.326,-0.662,9.739
37643522,0.007,-0.014,-0.009,-1.379,-0.655,9.714
37662738,0.009,-0.018,-0.011,-1.428,-0.67,9.699
37681956,0.006,-0.017,-0.01,-1.428,-0.668,9.738
37703575,0.009,-0.017,-0.012,-1.408,-0.679,9.759
37722792,0.007,-0.016,-0.011,-1.377,-0.662,9.726
37742011,0.007,-0.017,-0.011,-1.341,-0.663,9.723
37763629,0.006,-0.016,-0.011,-1.338,-0.675,9.741
37782847,0.009,-0.015,-0.01,-1.374,-0.672,9.753
37802064,0.01,-0.015,-0.011,-1.391,-0.686,9.739
37823684,0.007,-0.013,-0.011,-1.421,-0.668,9.734
37842901,0.009,-0.016,-0.011,-1.416,-0.67,9.715
37862119,0.009,-0.018,-0.011,-1.395,-0.667,9.735
37883738,0.007,-0.016,-0.012,-1.364,-0.664,9.748
37902955,0.007,-0.015,-0.011,-1.356,-0.661,9.753
37922172,0.009,-0.014,-0.01,-1.353,-0.681,9.742
37943792,0.009,-0.016,-0.012,-1.373,-0.672,9.732
37963009,0.009,-0.017,-0.011,-1.396,-0.673,9.732
37982228,0.009,-0.015,-0.01,-1.399,-0.663,9.734
38003846,0.009,-0.016,-0.01,-1.378,-0.667,9.729
38023063,0.01,-0.018,-0.01,-1.373,-0.669,9.734
38042280,0.009,-0.017,-0.01,-1.359,-0.663,9.741
38063900,0.007,-0.014,-0.01,-1.35,-0.651,9.746
38083118,0.009,-0.015,-0.011,-1.385,-0.68,9.74
38102335,0.009,-0.015,-0.011,-1.374,-0.667,9.762
38121553,0.009,-0.014,-0.01,-1.402,-0.668,9.727
38143171,0.009,-0.015,-0.01,-1.391,-0.681,9.741
38162390,0.01,-0.016,-0.011,-1.39,-0.664,9.744
38181606,0.01,-0.016,-0.01,-1.376,-0.655,9.741
38203225,0.007,-0.015,-0.011,-1.356,-0.67,9.752
38222444,0.006,-0.015,-0.013,-1.355,-0.67,9.734
38241661,0.01,-0.015,-0.012,-1.374,-0.646,9.747
38263281,0.009,-0.016,-0.01,-1.392,-0.679,9.729
38282498,0.007,-0.017,-0.011,-1.382,-0.667,9.727
38301714,0.01,-0.016,-0.011,-1.386,-0.664,9.746
38323334,0.007,-0.015,-0.012,-1.373,-0.693,9.75
38342551,0.006,-0.016,-0.011,-1.364,-0.669,9.728
38361769,0.009,-0.016,-0.011,-1.377,-0.666,9.724
38383388,0.009,-0.015,-0.01,-1.366,-0.691,9.745
38402605,0.009,-0.014,-0.01,-1.379,-0.679,9.75
38421823,0.009,-0.015,-0.011,-1.395,-0.656,9.738
38443442,0.006,-0.016,-0.01,-1.38,-0.656,9.738
38462660,0.007,-0.016,-0.012,-1.376,-0.667,9.734
38481877,0.007,-0.014,-0.012,-1.362,-0.674,9.734
38503496,0.007,-0.014,-0.01,-1.376,-0.669,9.754
38522713,0.01,-0.016,-0.012,-1.364,-0.672,9.762
38541931,0.009,-0.016,-0.011,-1.379,-0.645,9.751
38563551,0.009,-0.015,-0.01,-1.386,-0.658,9.74
38582768,0.007,-0.014,-0.011,-1.389,-0.657,9.746
38601985,0.007,-0.016,-0.011,-1.389,-0.667,9.753
38623606,0.006,-0.016,-0.011,-1.365,-0.678,9.742
38642822,0.009,-0.015,-0.01,-1.377,-0.672,9.715
38664442,0.009,-0.015,-0.011,-1.365,-0.668,9.744
38683659,0.009,-0.015,-0.011,-1.364,-0.668,9.757
38702876,0.007,-0.017,-0.01,-1.386,-0.661,9.748
38724497,0.009,-0.016,-0.01,-1.385,-0.657,9.746
38743714,0.009,-0.016,-0.011,-1.379,-0.69,9.74
38762931,0.007,-0.015,-0.011,-1.371,-0.66,9.746
38784550,0.009,-0.017,-0.011,-1.372,-0.674,9.736
38803768,0.007,-0.017,-0.01,-1.37,-0.66,9.752
38822985,0.007,-0.014,-0.011,-1.377,-0.663,9.75
38844604,0.009,-0.015,-0.011,-1.37,-0.664,9.733
38863822,0.009,-0.017,-0.012,-1.38,-0.68,9.75
38883038,0.006,-0.014,-0.01,-1.382,-0.644,9.744
38904658,0.006,-0.015,-0.011,-1.352,-0.693,9.742
38923876,0.007,-0.016,-0.011,-1.337,-0.667,9.734
38943093,0.009,-0.016,-0.01,-1.349,-0.66,9.745
38964713,0.007,-0.017,-0.01,-1.389,-0.656,9.766
38983930,0.009,-0.016,-0.01,-1.374,-0.662,9.766
39003147,0.009,-0.014,-0.01,-1.395,-0.679,9.751
39024767,0.007,-0.014,-0.011,-1.396,-0.66,9.73
39043984,0.01,-0.017,-0.011,-1.391,-0.655,9.746
39063201,0.01,-0.018,-0.009,-1.378,-0.668,9.766
39084821,0.007,-0.016,-0.01,-1.377,-0.685,9.763
39104038,0.009,-0.014,-0.011,-1.356,-0.652,9.745
39123255,0.009,-0.014,-0.013,-1.383,-0.639,9.752
39144875,0.006,-0.017,-0.01,-1.389,-0.658,9.741
39164093,0.01,-0.015,-0.011,-1.377,-0.658,9.728
39183309,0.01,-0.015,-0.009,-1.378,-0.673,9.754
39204930,0.007,-0.013,-0.01,-1.362,-0.657,9.733
39224147,0.009,-0.017,-0.011,-1.348,-0.675,9.734
39243365,0.006,-0.017,-0.01,-1.359,-0.658,9.736
39262581,0.009,-0.012,-0.01,-1.39,-0.656,9.77
39284201,0.009,-0.015,-0.013,-1.387,-0.68,9.732
39303418,0.009,-0.016,-0.01,-1.379,-0.668,9.75
39322635,0.007,-0.018,-0.011,-1.396,-0.655,9.739
39344255,0.007,-0.017,-0.01,-1.379,-0.679,9.751
39363473,0.007,-0.015,-0.01,-1.371,-0.663,9.751
39382690,0.009,-0.015,-0.01,-1.358,-0.672,9.751
39404310,0.007,-0.015,-0.01,-1.37,-0.663,9.736
39423526,0.01,-0.016,-0.011,-1.376,-0.664,9.76
39442744,0.007,-0.014,-0.011,-1.403,-0.656,9.745
39464363,0.009,-0.014,-0.012,-1.382,-0.684,9.74
39483581,0.007,-0.017,-0.011,-1.374,-0.67,9.746
39502798,0.01,-0.017,-0.01,-1.362,-0.663,9.757
39524418,0.009,-0.015,-0.01,-1.372,-0.668,9.756
39543636,0.01,-0.015,-0.012,-1.382,-0.65,9.75
39562853,0.01,-0.016,-0.01,-1.395,-0.678,9.74
39584472,0.007,-0.016,-0.01,-1.378,-0.663,9.752
39603690,0.01,-0.017,-0.01,-1.387,-0.652,9.733
39622907,0.001,-0.016,-0.013,-1.386,-0.664,9.757
39644526,0.015,-0.014,-0.007,-1.355,-0.678,9.767
39663744,0.006,-0.015,-0.01,-1.365,-0.693,9.738
39682962,0.004,-0.017,-0.011,-1.367,-0.661,9.738
39704581,0.015,-0.015,-0.011,-1.372,-0.687,9.758
39723798,0.005,-0.014,-0.01,-1.383,-0.668,9.75
39743015,0.007,-0.018,-0.01,-1.373,-0.664,9.733
39764636,0.009,-0.016,-0.011,-1.377,-0.669,9.776
39783853,0.006,-0.014,-0.012,-1.367,-0.675,9.753
39803069,0.01,-0.015,-0.011,-1.367,-0.687,9.728
39824688,0.01,-0.014,-0.009,-1.373,-0.673,9.751
39843907,0.009,-0.015,-0.012,-1.372,-0.66,9.775
39863123,0.007,-0.015,-0.012,-1.38,-0.666,9.733
39884744,0.007,-0.014,-0.011,-1.389,-0.633,9.74
39903961,0.006,-0.015,-0.009,-1.36,-0.667,9.764
39923177,0.007,-0.017,-0.011,-1.378,-0.636,9.758
39944798,0.006,-0.016,-0.01,-1.371,-0.667,9.747
39964014,0.007,-0.014,-0.01,-1.393,-0.691,9.754
39983231,0.011,-0.014,-0.011,-1.386,-0.682,9.728
40004852,0.007,-0.016,-0.011,-1.401,-0.663,9.744
40024069,0.009,-0.017,-0.011,-1.382,-0.656,9.756
40043286,0.01,-0.015,-0.011,-1.374,-0.649,9.754
40064906,0.009,-0.016,-0.01,-1.372,-0.663,9.747
40084123,0.007,-0.015,-0.012,-1.372,-0.676,9.739
40103340,0.007,-0.015,-0.012,-1.379,-0.668,9.747
40122558,0.009,-0.015,-0.012,-1.383,-0.667,9.74
40144177,0.009,-0.016,-0.011,-1.38,-0.674,9.742
40163395,0.01,-0.016,-0.011,-1.38,-0.667,9.745
40182613,0.007,-0.016,-0.01,-1.366,-0.65,9.752
40204231,0.007,-0.015,-0.011,-1.383,-0.658,9.752
40223449,0.007,-0.016,-0.011,-1.371,-0.663,9.742
40242666,0.007,-0.015,-0.013,-1.377,-0.66,9.75
40264286,0.009,-0.015,-0.012,-1.392,-0.68,9.73
40283502,0.01,-0.017,-0.011,-1.378,-0.681,9.739
40302720,0.009,-0.015,-0.01,-1.382,-0.663,9.757
40324340,0.009,-0.016,-0.01,-1.378,-0.655,9.77
40343557,0.009,-0.017,-0.011,-1.364,-0.651,9.741
40362774,0.006,-0.017,-0.012,-1.372,-0.663,9.744
40384394,0.006,-0.015,-0.012,-1.376,-0.663,9.741
40403611,0.009,-0.015,-0.01,-1.368,-0.666,9.763
40422829,0.009,-0.017,-0.011,-1.39,-0.667,9.748
40444448,0.01,-0.017,-0.011,-1.383,-0.667,9.73
40463666,0.009,-0.017,-0.01,-1.385,-0.657,9.738
40482882,0.007,-0.015,-0.011,-1.371,-0.65,9.759
40504502,0.007,-0.015,-0.01,-1.379,-0.679,9.754
40523720,0.006,-0.016,-0.012,-1.38,-0.656,9.747
40542937,0.009,-0.016,-0.011,-1.386,-0.667,9.746
40564557,0.009,-0.015,-0.012,-1.384,-0.66,9.753
40583775,0.009,-0.016,-0.01,-1.389,-0.679,9.747
40602991,0.009,-0.016,-0.01,-1.374,-0.664,9.766
40624610,0.007,-0.017,-0.01,-1.37,-0.66,9.744
40643829,0.007,-0.015,-0.01,-1.373,-0.656,9.75
40663046,0.009,-0.015,-0.01,-1.37,-0.676,9.753
40684666,0.007,-0.016,-0.01,-1.395,-0.686,9.748
40703883,0.009,-0.016,-0.011,-1.374,-0.667,9.76
40723099,0.009,-0.016,-0.011,-1.366,-0.668,9.752
40744719,0.01,-0.014,-0.011,-1.382,-0.662,9.756
40763937,0.009,-0.015,-0.011,-1.392,-0.679,9.741
40783154,0.009,-0.015,-0.01,-1.371,-0.67,9.751
40804774,0.007,-0.016,-0.01,-1.383,-0.656,9.763
40823990,0.009,-0.016,-0.011,-1.367,-0.672,9.753
40843208,0.009,-0.016,-0.011,-1.386,-0.691,9.754
40864829,0.009,-0.015,-0.011,-1.392,-0.682,9.735
40884045,0.007,-0.016,-0.011,-1.377,-0.675,9.747
40903262,0.007,-0.017,-0.011,-1.382,-0.663,9.753
40924882,0.007,-0.015,-0.012,-1.354,-0.666,9.764
40944100,0.009,-0.016,-0.011,-1.374,-0.66,9.747
40963317,0.007,-0.016,-0.011,-1.378,-0.675,9.734
40982535,0.007,-0.016,-0.011,-1.383,-0.667,9.767
41004154,0.009,-0.014,-0.011,-1.374,-0.669,9.742
41023372,0.009,-0.015,-0.01,-1.385,-0.664,9.746
41042588,0.009,-0.016,-0.01,-1.378,-0.651,9.729
41064209,0.006,-0.017,-0.01,-1.379,-0.656,9.726
41083426,0.009,-0.015,-0.011,-1.377,-0.661,9.762
41102644,0.01,-0.015,-0.01,-1.373,-0.662,9.752
41124262,0.009,-0.015,-0.011,-1.358,-0.67,9.752
41143481,0.009,-0.016,-0.012,-1.382,-0.656,9.738
41162698,0.009,-0.015,-0.01,-1.383,-0.679,9.741
41184317,0.009,-0.015,-0.011,-1.373,-0.67,9.74
41203534,0.01,-0.015,-0.011,-1.377,-0.667,9.744
41222753,0.009,-0.016,-0.01,-1.383,-0.664,9.753
41244371,0.009,-0.016,-0.011,-1.373,-0.67,9.764
41263589,0.01,-0.015,-0.01,-1.377,-0.674,9.734
41282805,0.009,-0.015,-0.011,-1.374,-0.663,9.746
41304426,0.009,-0.015,-0.01,-1.374,-0.666,9.741
41323643,0.009,-0.017,-0.011,-1.373,-0.661,9.756
41342859,0.009,-0.014,-0.011,-1.382,-0.658,9.751
41364479,0.009,-0.014,-0.009,-1.378,-0.673,9.744
41383697,0.007,-0.016,-0.011,-1.361,-0.668,9.73
41402914,0.007,-0.017,-0.013,-1.379,-0.681,9.766
41424534,0.007,-0.016,-0.011,-1.367,-0.662,9.746
41443750,0.01,-0.016,-0.009,-1.378,-0.669,9.759
41462968,0.007,-0.015,-0.011,-1.372,-0.664,9.748
41484588,0.009,-0.017,-0.011,-1.368,-0.687,9.734
41503805,0.007,-0.017,-0.011,-1.378,-0.662,9.762
41523022,0.006,-0.015,-0.012,-1.387,-0.674,9.763
41544642,0.01,-0.014,-0.011,-1.374,-0.648,9.764
41563859,0.007,-0.016,-0.01,-1.383,-0.667,9.74
41583076,0.009,-0.015,-0.01,-1.391,-0.679,9.75
41604696,0.01,-0.015,-0.01,-1.364,-0.686,9.735
41623914,0.006,-0.014,-0.01,-1.392,-0.651,9.75
41643131,0.01,-0.015,-0.009,-1.378,-0.643,9.751
41664750,0.007,-0.016,-0.01,-1.358,-0.681,9.758
41683967,0.007,-0.017,-0.01,-1.378,-0.658,9.741
41703184,0.009,-0.015,-0.011,-1.377,-0.67,9.752
41724808,0.009,-0.014,-0.011,-1.377,-0.664,9.752
41744021,0.009,-0.015,-0.01,-1.374,-0.658,9.751
41765641,0.009,-0.015,-0.011,-1.385,-0.667,9.748
41784858,0.007,-0.016,-0.012,-1.38,-0.658,9.744
41804076,0.007,-0.013,-0.01,-1.387,-0.678,9.751
41825696,0.007,-0.016,-0.011,-1.376,-0.679,9.744
41844912,0.009,-0.016,-0.011,-1.384,-0.658,9.758
41866532,0.009,-0.016,-0.01,-1.389,-0.667,9.751
41885749,0.01,-0.015,-0.01,-1.371,-0.664,9.74
41904967,0.009,-0.015,-0.01,-1.38,-0.662,9.747
41926586,0.009,-0.016,-0.011,-1.385,-0.67,9.747
41945804,0.009,-0.017,-0.011,-1.377,-0.678,9.751
41965021,0.009,-0.016,-0.01,-1.377,-0.669,9.726
41986641,0.009,-0.015,-0.011,-1.38,-0.648,9.754
42005858,0.009,-0.015,-0.01,-1.378,-0.668,9.741
42025075,0.009,-0.017,-0.01,-1.374,-0.664,9.75
42046695,0.009,-0.016,-0.011,-1.362,-0.679,9.754
42065912,0.007,-0.016,-0.01,-1.372,-0.663,9.765
42085130,0.009,-0.016,-0.012,-1.376,-0.673,9.733
42106749,0.009,-0.016,-0.011,-1.377,-0.669,9.742
42125966,0.007,-0.017,-0.011,-1.382,-0.669,9.757
42145184,0.009,-0.016,-0.011,-1.37,-0.674,9.757
42166803,0.009,-0.014,-0.011,-1.365,-0.661,9.745
42186021,0.009,-0.016,-0.01,-1.377,-0.67,9.748
42205238,0.007,-0.016,-0.01,-1.372,-0.666,9.748
42226858,0.006,-0.015,-0.01,-1.372,-0.668,9.74
42246076,0.009,-0.014,-0.01,-1.374,-0.666,9.75
42265292,0.009,-0.016,-0.011,-1.384,-0.675,9.744
42286912,0.009,-0.015,-0.011,-1.38,-0.672,9.76
42306129,0.009,-0.017,-0.012,-1.383,-0.668,9.762
42325347,0.007,-0.015,-0.01,-1.366,-0.666,9.759
42344564,0.009,-0.015,-0.011,-1.377,-0.657,9.746
42366183,0.007,-0.015,-0.011,-1.377,-0.646,9.74
42385401,0.009,-0.017,-0.012,-1.396,-0.662,9.752
42404618,0.007,-0.015,-0.01,-1.38,-0.662,9.75
42426237,0.009,-0.016,-0.011,-1.372,-0.655,9.751
42445456,0.007,-0.017,-0.011,-1.374,-0.657,9.742
42464672,0.009,-0.016,-0.011,-1.383,-0.661,9.747
42486292,0.007,-0.016,-0.011,-1.385,-0.657,9.728
42505509,0.007,-0.014,-0.01,-1.364,-0.672,9.732
42524727,0.009,-0.016,-0.011,-1.38,-0.651,9.746
42546347,0.007,-0.016,-0.011,-1.379,-0.661,9.754
42565563,0.007,-0.016,-0.011,-1.361,-0.681,9.739
42584780,0.009,-0.015,-0.012,-1.386,-0.668,9.742
42606400,0.009,-0.015,-0.011,-1.358,-0.666,9.748
42625619,0.007,-0.017,-0.01,-1.401,-0.668,9.759
42644835,0.007,-0.016,-0.012,-1.364,-0.667,9.76
42666455,0.009,-0.015,-0.01,-1.359,-0.676,9.74
42685672,0.009,-0.015,-0.01,-1.374,-0.668,9.751
42704890,0.009,-0.015,-0.011,-1.366,-0.657,9.75
42726509,0.009,-0.016,-0.011,-1.378,-0.664,9.747
42745726,0.007,-0.016,-0.01,-1.378,-0.655,9.742
42764944,0.009,-0.016,-0.011,-1.372,-0.662,9.747
42786563,0.009,-0.017,-0.01,-1.37,-0.666,9.74
42805780,0.009,-0.016,-0.011,-1.383,-0.643,9.752
42824997,0.009,-0.015,-0.01,-1.396,-0.661,9.754
42846617,0.009,-0.015,-0.01,-1.374,-0.675,9.754
42865835,0.007,-0.015,-0.01,-1.371,-0.676,9.744
42887454,0.009,-0.016,-0.01,-1.376,-0.666,9.736
42906671,0.007,-0.016,-0.012,-1.377,-0.67,9.75
42925889,0.006,-0.015,-0.01,-1.378,-0.66,9.758
42947508,0.009,-0.016,-0.009,-1.382,-0.668,9.739
42966726,0.009,-0.016,-0.011,-1.382,-0.667,9.742
42985943,0.006,-0.016,-0.01,-1.387,-0.661,9.74
43007563,0.009,-0.016,-0.011,-1.362,-0.681,9.746
43026780,0.007,-0.014,-0.01,-1.379,-0.67,9.759
43045998,0.007,-0.016,-0.01,-1.377,-0.667,9.762
43067617,0.007,-0.017,-0.01,-1.376,-0.657,9.745
43086835,0.007,-0.014,-0.011,-1.377,-0.672,9.724
43106053,0.007,-0.015,-0.012,-1.373,-0.669,9.747
43127672,0.009,-0.015,-0.01,-1.38,-0.673,9.752
43146889,0.009,-0.014,-0.011,-1.384,-0.656,9.754
43166108,0.007,-0.016,-0.01,-1.378,-0.676,9.739
43187726,0.01,-0.015,-0.01,-1.376,-0.672,9.748
43206944,0.009,-0.015,-0.011,-1.379,-0.669,9.756
43226161,0.009,-0.017,-0.01,-1.378,-0.679,9.766
43247780,0.007,-0.015,-0.01,-1.372,-0.672,9.769
43266998,0.009,-0.013,-0.01,-1.378,-0.685,9.747
43286214,0.007,-0.015,-0.011,-1.374,-0.663,9.74
43307833,0.007,-0.015,-0.012,-1.374,-0.663,9.727
43327051,0.007,-0.016,-0.01,-1.376,-0.672,9.752
43346269,0.009,-0.016,-0.011,-1.397,-0.678,9.746
43367889,0.009,-0.017,-0.011,-1.373,-0.676,9.727
43387105,0.01,-0.015,-0.011,-1.368,-0.666,9.756
43406323,0.009,-0.017,-0.011,-1.368,-0.681,9.77
43427943,0.01,-0.017,-0.011,-1.384,-0.682,9.753
43447160,0.009,-0.014,-0.011,-1.39,-0.688,9.744
43466377,0.01,-0.014,-0.01,-1.372,-0.663,9.748
43485595,0.007,-0.016,-0.011,-1.366,-0.679,9.763
43507214,0.009,-0.017,-0.011,-1.371,-0.656,9.757
43526431,0.007,-0.016,-0.01,-1.374,-0.661,9.741
43545648,0.01,-0.014,-0.01,-1.358,-0.651,9.726
43567268,0.007,-0.014,-0.011,-1.372,-0.655,9.748
43586486,0.007,-0.016,-0.011,-1.358,-0.667,9.753
43605704,0.007,-0.015,-0.011,-1.384,-0.663,9.747
43627322,0.009,-0.014,-0.01,-1.374,-0.662,9.759
43646541,0.01,-0.015,-0.01,-1.377,-0.668,9.724
43665758,0.007,-0.017,-0.01,-1.382,-0.661,9.74
43687378,0.006,-0.016,-0.012,-1.391,-0.672,9.745
43706594,0.009,-0.016,-0.01,-1.379,-0.656,9.746
43725811,0.009,-0.015,-0.011,-1.371,-0.652,9.738
43747432,0.007,-0.015,-0.011,-1.374,-0.667,9.728
43766648,0.006,-0.016,-0.01,-1.368,-0.666,9.745
43785865,0.007,-0.015,-0.011,-1.377,-0.67,9.748
43807485,0.01,-0.014,-0.01,-1.382,-0.66,9.754
43826703,0.009,-0.015,-0.011,-1.374,-0.667,9.742
43845920,0.006,-0.016,-0.01,-1.373,-0.668,9.758
43867539,0.007,-0.015,-0.011,-1.372,-0.66,9.748
43886756,0.009,-0.015,-0.011,-1.366,-0.652,9.742
43905974,0.009,-0.014,-0.01,-1.384,-0.672,9.741
43927594,0.007,-0.016,-0.011,-1.372,-0.668,9.739
43946811,0.007,-0.015,-0.01,-1.373,-0.67,9.753
43966028,0.009,-0.015,-0.01,-1.373,-0.673,9.745
43987648,0.01,-0.015,-0.011,-1.37,-0.672,9.753
44006865,0.009,-0.015,-0.011,-1.362,-0.661,9.746
44026083,0.007,-0.017,-0.011,-1.374,-0.663,9.747
44047702,0.007,-0.017,-0.01,-1.37,-0.66,9.733
44066919,0.01,-0.016,-0.011,-1.37,-0.685,9.745
44086138,0.009,-0.016,-0.011,-1.372,-0.661,9.751
44107756,0.007,-0.015,-0.011,-1.371,-0.656,9.746
44126974,0.007,-0.016,-0.01,-1.376,-0.673,9.74
44146192,0.007,-0.014,-0.01,-1.376,-0.662,9.75
44167811,0.009,-0.014,-0.011,-1.368,-0.666,9.732
44187028,0.007,-0.016,-0.009,-1.355,-0.655,9.74
44206245,0.009,-0.016,-0.011,-1.387,-0.66,9.741
44227866,0.007,-0.017,-0.011,-1.373,-0.648,9.751
44247082,0.009,-0.015,-0.012,-1.367,-0.66,9.744
44266300,0.009,-0.016,-0.012,-1.367,-0.661,9.744
44287919,0.009,-0.016,-0.01,-1.366,-0.672,9.75
44307137,0.009,-0.017,-0.011,-1.358,-0.663,9.752
44326354,0.007,-0.014,-0.01,-1.382,-0.658,9.756
44347973,0.01,-0.015,-0.01,-1.382,-0.657,9.748
44367191,0.007,-0.017,-0.011,-1.383,-0.661,9.73
44386408,0.009,-0.016,-0.01,-1.383,-0.668,9.734
44405625,0.009,-0.014,-0.012,-1.376,-0.662,9.735
44427245,0.007,-0.016,-0.012,-1.383,-0.657,9.744
44446462,0.007,-0.018,-0.01,-1.373,-0.669,9.759
44465679,0.007,-0.018,-0.01,-1.361,-0.664,9.748
44487299,0.009,-0.016,-0.01,-1.371,-0.666,9.753
44506517,0.009,-0.015,-0.012,-1.367,-0.662,9.74
44525734,0.007,-0.016,-0.011,-1.372,-0.672,9.736
44547353,0.009,-0.015,-0.01,-1.378,-0.669,9.746
44566571,0.009,-0.016,-0.011,-1.376,-0.656,9.733
44585789,0.009,-0.015,-0.01,-1.358,-0.67,9.757
44607407,0.009,-0.014,-0.01,-1.37,-0.673,9.751
44626626,0.009,-0.015,-0.012,-1.377,-0.666,9.745
44645843,0.009,-0.016,-0.011,-1.37,-0.658,9.735
44667463,0.009,-0.015,-0.011,-1.377,-0.668,9.732
44686679,0.009,-0.015,-0.012,-1.377,-0.664,9.752
44705900,0.009,-0.016,-0.01,-1.379,-0.65,9.741
44727517,0.01,-0.015,-0.01,-1.368,-0.662,9.735
44746734,0.028,-0.031,-0.011,-1.438,-0.632,9.6
44765951,0.015,-0.03,-0.015,-1.488,-0.692,9.68
44787570,-0.017,-0.03,-0.015,-1.384,-0.509,9.872
44806789,0.001,-0.01,-0.009,-1.27,-0.77,9.827
44826005,-0.012,0.006,-0.007,-1.249,-0.693,9.844
44847625,-0.014,0.004,-0.014,-1.377,-0.529,9.597
44866842,-0.048,-0.028,-0.035,-1.422,-0.354,9.279
44886059,-0.074,-0.043,-0.087,-1.537,-0.196,9.976
44907679,-0.179,-0.033,-0.054,-1.417,-0.551,9.864
44926896,-0.208,0.009,-0.021,-1.3,-0.986,9.838
44946114,-0.218,0.027,0.003,-1.24,-1.305,9.845
44967734,-0.166,0.026,0.014,-1.274,-1.299,9.708
44986951,-0.054,-0.005,0.018,-1.496,-1.56,9.541
45006167,0.06,-0.035,0.018,-1.516,-1.49,9.667
45027787,0.102,-0.046,0.001,-1.47,-0.954,9.787
45047005,0.083,-0.025,-0.015,-1.37,-0.676,9.746
45066223,0.058,-0.012,-0.01,-1.313,-0.413,9.772
45087841,0.005,-0.012,-0.004,-1.267,-0.582,9.601
45107060,-0.028,-0.018,-0.007,-1.269,-0.761,9.547
45126276,-0.018,-0.017,-0.011,-1.427,-0.929,9.7
45147897,-0.003,-0.018,-0.017,-1.532,-1.004,9.848
45167113,0.014,-0.015,-0.013,-1.493,-1.03,9.735
45186331,0.025,-0.011,-0.005,-1.422,-0.912,9.693
45207950,0.021,-0.014,-0.003,-1.326,-0.795,9.677
45227167,-0.062,-0.005,-0.029,-1.04,-0.248,9.739
45248787,-0.052,0.004,-0.027,-1.293,-0.57,9.775
45268004,-0.06,0.003,-0.02,-1.376,-0.76,9.825
45287222,-0.088,0.013,-0.017,-1.526,-1.138,9.524
45308841,-0.01,-0.013,0.002,-1.665,-1.44,9.477
45328058,0.072,-0.035,0.014,-1.486,-1.302,9.849
45349678,0.026,-0.03,-0.012,-1.208,-0.785,9.966
45368895,0.023,-0.003,-0.018,-1.085,-0.387,9.852
45390516,0.006,0.012,-0.014,-1.276,-0.625,9.661
45409732,-0.01,-0.012,-0.009,-1.593,-1.036,9.485
45428950,0.004,-0.03,-0.006,-1.671,-1.213,9.727
45450569,-0.005,-0.026,-0.016,-1.604,-1.004,9.76
45469786,0.02,-0.022,-0.017,-1.405,-0.839,9.625
45489004,0.017,-0.018,-0.011,-1.21,-0.785,9.83
45510624,0.016,-0.014,-0.005,-1.128,-0.983,9.8
45529842,0.034,-0.019,0,-1.252,-1.088,9.684
45549059,0.028,-0.013,-0.003,-1.35,-0.953,9.733
45570678,0.028,-0.004,-0.006,-1.562,-0.828,9.811
45589896,0.027,-0.005,-0.007,-1.565,-0.698,9.782
45611515,0.02,0.001,-0.005,-1.499,-0.946,10.13
45630732,0.003,-0.021,-0.009,-1.392,-1,9.372
45649949,0.021,-0.032,-0.007,-1.365,-0.839,9.669
45671569,0.004,-0.019,-0.015,-1.384,-0.816,9.912
45690786,-0.001,-0.015,-0.015,-1.378,-0.71,9.781
45710003,-0.018,-0.01,-0.017,-1.32,-0.797,9.77
45731623,-0.01,-0.011,-0.014,-1.395,-1.04,9.692
45750841,0.018,-0.018,-0.011,-1.423,-1.19,9.633
45770058,0.036,-0.018,-0.004,-1.484,-1.104,9.787
45791677,0.055,-0.022,0,-1.547,-1.015,9.763
45810895,0.071,-0.033,0.002,-1.457,-0.757,9.723
45830112,0.054,-0.034,-0.004,-1.292,-0.733,9.668
45851732,0.026,-0.026,-0.013,-1.086,-0.784,9.601
45870949,0.009,-0.017,-0.015,-1.201,-0.7,9.917
45890168,-0.015,-0.01,-0.011,-1.391,-0.812,9.926
45911786,-0.01,-0.011,-0.011,-1.463,-0.76,9.699
45931003,-0.01,-0.007,-0.015,-1.513,-0.876,9.58
45950221,-0.017,-0.016,-0.017,-1.526,-0.964,9.614
45971840,0.004,-0.032,-0.012,-1.391,-0.952,9.741
45991057,0.026,-0.026,-0.004,-1.311,-1.007,9.867
46010275,0.021,-0.009,-0.004,-1.252,-0.885,9.86
46031894,0.016,-0.003,-0.011,-1.311,-0.773,9.72
46051111,0.014,-0.01,-0.013,-1.395,-0.728,9.645
46070329,0,-0.018,-0.011,-1.472,-0.789,9.643
46089547,-0.007,-0.023,-0.007,-1.496,-0.85,9.729
46111166,0,-0.019,-0.013,-1.422,-0.939,9.784
46130383,0.009,-0.015,-0.013,-1.334,-0.968,9.742
46149601,0.016,-0.012,-0.011,-1.289,-0.933,9.704
46171220,0.02,-0.016,-0.009,-1.322,-0.838,9.708
46190438,0.014,-0.018,-0.007,-1.383,-0.808,9.75
46209655,0.007,-0.016,-0.01,-1.433,-0.776,9.754
46231274,0.001,-0.012,-0.014,-1.455,-0.827,9.739
46250492,-0.001,-0.015,-0.014,-1.42,-0.879,9.72
46269709,0.005,-0.018,-0.012,-1.371,-0.922,9.706
46291328,0.013,-0.02,-0.009,-1.341,-0.916,9.722
46310546,0.014,-0.016,-0.009,-1.359,-0.887,9.764
46329764,0.014,-0.014,-0.011,-1.359,-0.836,9.767
46351383,0.009,-0.012,-0.01,-1.378,-0.812,9.745
46370600,0.002,-0.016,-0.013,-1.403,-0.81,9.684
46389818,0.002,-0.016,-0.011,-1.396,-0.855,9.699
46411437,0.005,-0.018,-0.011,-1.39,-0.911,9.754
46430654,0.009,-0.019,-0.01,-1.398,-0.905,9.745
46449872,0.013,-0.016,-0.011,-1.349,-0.889,9.751
46471491,0.013,-0.014,-0.009,-1.353,-0.842,9.72
46490709,0.011,-0.013,-0.01,-1.38,-0.821,9.716
46509926,0.005,-0.014,-0.011,-1.42,-0.84,9.726
46531546,0.004,-0.017,-0.011,-1.403,-0.868,9.726
46550763,0.006,-0.017,-0.01,-1.398,-0.881,9.747
46569980,0.009,-0.015,-0.012,-1.382,-0.898,9.732
46591600,0.012,-0.014,-0.012,-1.348,-0.878,9.733
46610817,0.011,-0.017,-0.01,-1.359,-0.845,9.75
46630035,0.01,-0.017,-0.011,-1.36,-0.833,9.738
46651654,0.007,-0.014,-0.01,-1.39,-0.842,9.744
46670872,0.006,-0.013,-0.011,-1.395,-0.846,9.723
46690089,0.005,-0.016,-0.013,-1.393,-0.881,9.704
46711709,0.007,-0.017,-0.01,-1.366,-0.869,9.714
46730926,0.01,-0.017,-0.01,-1.365,-0.879,9.726
46750143,0.01,-0.016,-0.011,-1.367,-0.864,9.727
46771763,0.011,-0.014,-0.01,-1.377,-0.849,9.745
46790980,0.007,-0.015,-0.011,-1.378,-0.848,9.72
46810197,0.005,-0.016,-0.011,-1.385,-0.852,9.711
46831817,0.007,-0.017,-0.011,-1.393,-0.868,9.72
46851034,0.007,-0.015,-0.011,-1.372,-0.874,9.732
46870252,0.009,-0.016,-0.009,-1.377,-0.862,9.735
46891871,0.009,-0.016,-0.011,-1.361,-0.873,9.729
46911089,0.007,-0.015,-0.011,-1.36,-0.86,9.727
46930306,0.009,-0.015,-0.009,-1.368,-0.848,9.724
46951925,0.007,-0.014,-0.011,-1.39,-0.863,9.711
46971143,0.006,-0.016,-0.01,-1.383,-0.858,9.708
46990360,0.007,-0.017,-0.011,-1.385,-0.876,9.74
47009578,0.009,-0.017,-0.012,-1.386,-0.863,9.744
47031197,0.01,-0.015,-0.01,-1.379,-0.872,9.716
47050414,0.009,-0.015,-0.012,-1.367,-0.86,9.733
47069632,0.009,-0.016,-0.01,-1.383,-0.856,9.732
47091251,0.007,-0.015,-0.01,-1.382,-0.861,9.721
47110469,0.007,-0.014,-0.01,-1.384,-0.864,9.715
47129686,0.007,-0.017,-0.011,-1.378,-0.858,9.728
47151306,0.009,-0.016,-0.01,-1.374,-0.868,9.727
47170523,0.009,-0.016,-0.01,-1.367,-0.875,9.73
47189740,0.01,-0.015,-0.011,-1.37,-0.855,9.747
47211360,0.007,-0.015,-0.011,-1.374,-0.866,9.73
47230578,0.007,-0.017,-0.011,-1.377,-0.858,9.733
47249794,0.006,-0.016,-0.011,-1.396,-0.864,9.729
47271414,0.01,-0.016,-0.012,-1.398,-0.862,9.73
47290631,0.007,-0.015,-0.01,-1.374,-0.857,9.728
47309849,0.009,-0.018,-0.011,-1.38,-0.874,9.739
47331468,0.009,-0.016,-0.011,-1.38,-0.862,9.729
47350685,0.01,-0.015,-0.011,-1.391,-0.852,9.735
47369903,0.01,-0.015,-0.011,-1.389,-0.856,9.732
47391522,0.007,-0.016,-0.011,-1.379,-0.862,9.726
47410740,0.009,-0.017,-0.011,-1.373,-0.861,9.726
47429957,0.009,-0.015,-0.012,-1.382,-0.869,9.726
47451576,0.009,-0.014,-0.01,-1.39,-0.851,9.735
47470794,0.007,-0.015,-0.01,-1.386,-0.854,9.72
47490011,0.007,-0.017,-0.009,-1.377,-0.868,9.724
47511631,0.009,-0.015,-0.01,-1.382,-0.86,9.724
47530848,0.009,-0.015,-0.011,-1.372,-0.87,9.726
47550066,0.009,-0.016,-0.011,-1.379,-0.867,9.724
47571685,0.007,-0.017,-0.01,-1.398,-0.858,9.727
47590902,0.007,-0.015,-0.011,-1.373,-0.861,9.723
47610119,0.007,-0.014,-0.01,-1.385,-0.862,9.726
47631739,0.01,-0.013,-0.01,-1.373,-0.874,9.726
47650957,0.009,-0.016,-0.011,-1.377,-0.848,9.722
47670174,0.009,-0.016,-0.011,-1.401,-0.861,9.738
47691793,0.009,-0.016,-0.011,-1.398,-0.86,9.716
47711011,0.009,-0.015,-0.01,-1.378,-0.881,9.738
47730228,0.01,-0.017,-0.012,-1.385,-0.857,9.746
47751848,0.009,-0.017,-0.011,-1.383,-0.863,9.736
47771065,0.007,-0.015,-0.011,-1.38,-0.855,9.722
47790283,0.009,-0.014,-0.011,-1.367,-0.861,9.742
47811902,0.007,-0.015,-0.009,-1.379,-0.849,9.726
47831119,0.007,-0.016,-0.011,-1.386,-0.85,9.735
47850337,0.007,-0.016,-0.012,-1.383,-0.854,9.732
47869554,0.011,-0.015,-0.012,-1.383,-0.863,9.736
47891174,0.009,-0.014,-0.01,-1.374,-0.857,9.727
47910391,0.009,-0.015,-0.009,-1.368,-0.862,9.733
47929608,0.009,-0.016,-0.01,-1.362,-0.867,9.726
47951228,0.006,-0.015,-0.011,-1.383,-0.876,9.728
47970445,0.009,-0.015,-0.011,-1.384,-0.848,9.727
47989663,0.01,-0.016,-0.01,-1.379,-0.864,9.712
48011282,0.009,-0.016,-0.011,-1.371,-0.862,9.741
48030499,0.007,-0.016,-0.011,-1.378,-0.858,9.716
48049717,0.01,-0.015,-0.011,-1.373,-0.869,9.729
48071336,0.007,-0.015,-0.011,-1.364,-0.868,9.727
48090554,0.007,-0.017,-0.012,-1.379,-0.86,9.73
48109771,0.009,-0.017,-0.011,-1.395,-0.872,9.729
48131391,0.009,-0.015,-0.01,-1.376,-0.862,9.735
48150608,0.009,-0.015,-0.011,-1.393,-0.867,9.732
48169825,0.007,-0.016,-0.011,-1.378,-0.863,9.732
48191444,0.007,-0.018,-0.012,-1.395,-0.87,9.722
48210662,0.007,-0.016,-0.011,-1.383,-0.854,9.729
48229879,0.009,-0.014,-0.01,-1.392,-0.864,9.734
48251499,0.009,-0.016,-0.011,-1.374,-0.858,9.715
48270716,0.009,-0.017,-0.009,-1.377,-0.862,9.724
48289933,0.007,-0.016,-0.01,-1.383,-0.861,9.716
48311553,0.009,-0.014,-0.011,-1.372,-0.855,9.73
48330771,0.009,-0.016,-0.011,-1.38,-0.863,9.726
48349988,0.009,-0.016,-0.011,-1.382,-0.869,9.721
48371607,0.009,-0.016,-0.01,-1.389,-0.87,9.74
48390825,0.007,-0.015,-0.011,-1.378,-0.868,9.724
48410042,0.009,-0.017,-0.012,-1.389,-0.862,9.722
48431662,0.007,-0.016,-0.01,-1.376,-0.873,9.728
48450879,0.009,-0.016,-0.011,-1.377,-0.851,9.723
48470096,0.009,-0.016,-0.011,-1.368,-0.86,9.721
48491716,0.009,-0.015,-0.011,-1.379,-0.86,9.717
48510933,0.007,-0.015,-0.012,-1.382,-0.867,9.734
48530150,0.009,-0.017,-0.011,-1.387,-0.863,9.735
48551770,0.009,-0.014,-0.01,-1.383,-0.863,9.724
48570987,0.009,-0.014,-0.01,-1.377,-0.863,9.739
48590205,0.009,-0.016,-0.01,-1.386,-0.857,9.727
48611824,0.007,-0.016,-0.011,-1.377,-0.874,9.729
48631041,0.009,-0.016,-0.011,-1.376,-0.857,9.735
48650259,0.009,-0.015,-0.011,-1.39,-0.858,9.73
48671879,0.009,-0.014,-0.01,-1.374,-0.856,9.726
48691096,0.007,-0.015,-0.011,-1.39,-0.848,9.726
48710313,0.009,-0.017,-0.012,-1.39,-0.866,9.727
48729531,0.009,-0.016,-0.01,-1.387,-0.861,9.73
48751150,0.009,-0.016,-0.01,-1.379,-0.869,9.711
48770367,0.007,-0.016,-0.011,-1.365,-0.891,9.738
48789586,0.009,-0.016,-0.011,-1.373,-0.848,9.74
48811204,0.007,-0.016,-0.011,-1.379,-0.868,9.735
48830422,0.009,-0.014,-0.011,-1.383,-0.863,9.727
48849639,0.009,-0.015,-0.012,-1.385,-0.86,9.738
48871259,0.007,-0.015,-0.011,-1.37,-0.868,9.73
48890476,0.01,-0.015,-0.011,-1.372,-0.867,9.728
48909693,0.007,-0.014,-0.011,-1.378,-0.862,9.723
48931312,0.009,-0.016,-0.011,-1.367,-0.867,9.739
48950530,0.009,-0.016,-0.011,-1.371,-0.864,9.742
48969748,0.007,-0.016,-0.011,-1.393,-0.862,9.729
48991367,0.007,-0.016,-0.011,-1.378,-0.866,9.727
49010584,0.007,-0.015,-0.01,-1.383,-0.861,9.722
49029802,0.009,-0.016,-0.01,-1.385,-0.863,9.728
49051421,0.009,-0.017,-0.011,-1.378,-0.87,9.735
49070639,0.007,-0.017,-0.01,-1.387,-0.863,9.73
49089856,0.007,-0.016,-0.012,-1.367,-0.849,9.74
49111476,0.009,-0.015,-0.011,-1.378,-0.857,9.721
49130693,0.009,-0.015,-0.009,-1.366,-0.86,9.734
49149910,0.007,-0.017,-0.01,-1.38,-0.87,9.73
49171529,0.009,-0.016,-0.01,-1.399,-0.857,9.727
49190747,0.009,-0.016,-0.01,-1.378,-0.849,9.724
49209964,0.007,-0.016,-0.009,-1.378,-0.862,9.735
49231584,0.007,-0.017,-0.011,-1.387,-0.863,9.736
49250801,0.009,-0.015,-0.011,-1.373,-0.873,9.724
49270019,0.009,-0.015,-0.01,-1.377,-0.856,9.722
49291638,0.01,-0.014,-0.01,-1.389,-0.867,9.714
49310855,0.007,-0.016,-0.011,-1.376,-0.861,9.736
49330073,0.009,-0.015,-0.011,-1.382,-0.874,9.721
49351692,0.009,-0.015,-0.011,-1.377,-0.854,9.723
49370910,0.007,-0.014,-0.01,-1.389,-0.875,9.734
49390127,0.009,-0.016,-0.009,-1.38,-0.854,9.752
49411747,0.006,-0.017,-0.01,-1.389,-0.881,9.73
49430964,0.009,-0.017,-0.012,-1.371,-0.856,9.729
49450181,0.003,-0.015,-0.012,-1.386,-0.876,9.728
49471801,0.013,-0.013,-0.009,-1.383,-0.862,9.729
49491018,0.003,-0.016,-0.012,-1.382,-0.887,9.718
49510236,0.012,-0.015,-0.01,-1.409,-0.848,9.736
49531855,0.01,-0.015,-0.011,-1.387,-0.855,9.733
49551072,0.006,-0.015,-0.01,-1.393,-0.858,9.733
49570289,0.01,-0.016,-0.011,-1.367,-0.867,9.733
49591909,0.006,-0.016,-0.01,-1.371,-0.852,9.736
49611126,0.007,-0.016,-0.011,-1.37,-0.87,9.726
49630345,0.01,-0.015,-0.01,-1.399,-0.863,9.733
49649561,0.009,-0.016,-0.01,-1.39,-0.886,9.722
49671181,0.007,-0.017,-0.01,-1.373,-0.846,9.73
49690398,0.01,-0.015,-0.01,-1.376,-0.862,9.733
49709616,0.006,-0.016,-0.011,-1.382,-0.857,9.729
49731235,0.007,-0.016,-0.01,-1.382,-0.872,9.736
49750452,0.01,-0.017,-0.01,-1.373,-0.856,9.738
49769670,0.007,-0.015,-0.012,-1.377,-0.869,9.73
49791289,0.01,-0.014,-0.01,-1.384,-0.879,9.706
49810507,0.009,-0.016,-0.011,-1.389,-0.845,9.733
49829724,0.007,-0.017,-0.011,-1.382,-0.866,9.735
49851345,0.007,-0.016,-0.012,-1.383,-0.862,9.736
49870561,0.007,-0.014,-0.01,-1.377,-0.851,9.717
49889778,0.009,-0.014,-0.012,-1.376,-0.858,9.727
49911398,0.007,-0.016,-0.009,-1.382,-0.86,9.729
49930615,0.009,-0.016,-0.011,-1.382,-0.87,9.738
49949833,0.009,-0.016,-0.011,-1.397,-0.863,9.732
49971452,0.009,-0.015,-0.009,-1.376,-0.872,9.732
49990669,0.009,-0.016,-0.011,-1.376,-0.854,9.728
50009887,0.009,-0.016,-0.009,-1.391,-0.856,9.729
50031506,0.009,-0.015,-0.011,-1.379,-0.864,9.721
50050724,0.007,-0.015,-0.01,-1.385,-0.866,9.72
50069941,0.009,-0.015,-0.011,-1.37,-0.876,9.729
50091560,0.009,-0.016,-0.01,-1.379,-0.858,9.718
50110778,0.006,-0.018,-0.01,-1.38,-0.862,9.729
50129995,0.009,-0.015,-0.012,-1.378,-0.862,9.735
50151615,0.007,-0.016,-0.011,-1.374,-0.867,9.732
50170832,0.007,-0.017,-0.011,-1.379,-0.864,9.735
50190049,0.007,-0.016,-0.009,-1.379,-0.87,9.724
50211669,0.009,-0.016,-0.011,-1.382,-0.875,9.729
50230886,0.007,-0.014,-0.01,-1.376,-0.856,9.735
50250104,0.009,-0.016,-0.011,-1.384,-0.862,9.729
50271723,0.007,-0.018,-0.011,-1.376,-0.866,9.724
50290941,0.009,-0.015,-0.011,-1.372,-0.87,9.742
50310158,0.01,-0.015,-0.01,-1.38,-0.86,9.735
50331777,0.009,-0.014,-0.01,-1.382,-0.861,9.728
50350994,0.009,-0.017,-0.012,-1.384,-0.869,9.745
50370212,0.009,-0.017,-0.01,-1.395,-0.855,9.736
50391832,0.007,-0.015,-0.01,-1.378,-0.862,9.735
50411049,0.009,-0.014,-0.011,-1.383,-0.872,9.726
50430266,0.009,-0.016,-0.011,-1.386,-0.864,9.729
50451885,0.009,-0.016,-0.011,-1.374,-0.86,9.73
50471103,0.007,-0.016,-0.011,-1.373,-0.856,9.738
50490321,0.01,-0.014,-0.01,-1.382,-0.86,9.74
50509538,0.009,-0.016,-0.011,-1.376,-0.863,9.739
50531157,0.007,-0.017,-0.01,-1.378,-0.857,9.74
50550375,0.009,-0.016,-0.011,-1.361,-0.879,9.732
50569592,0.009,-0.015,-0.012,-1.396,-0.861,9.742
50591212,0.009,-0.015,-0.011,-1.378,-0.867,9.721
50610429,0.009,-0.016,-0.012,-1.379,-0.869,9.738
50629646,0.009,-0.016,-0.012,-1.397,-0.874,9.726
50651266,0.009,-0.016,-0.012,-1.39,-0.846,9.728
50670483,0.006,-0.015,-0.01,-1.378,-0.856,9.741
50689701,0.007,-0.017,-0.01,-1.372,-0.876,9.741
50711320,0.01,-0.015,-0.01,-1.385,-0.864,9.727
50730538,0.009,-0.016,-0.01,-1.364,-0.852,9.723
50749755,0.007,-0.014,-0.009,-1.376,-0.862,9.739
50771374,0.009,-0.016,-0.009,-1.371,-0.864,9.722
50790592,0.009,-0.016,-0.01,-1.379,-0.85,9.715
50809809,0.007,-0.017,-0.01,-1.371,-0.864,9.73
50831429,0.009,-0.015,-0.009,-1.376,-0.875,9.739
50850646,0.007,-0.014,-0.01,-1.377,-0.86,9.733
50869863,0.007,-0.016,-0.01,-1.367,-0.873,9.724
50891483,0.007,-0.016,-0.011,-1.374,-0.864,9.733
50910700,0.009,-0.015,-0.01,-1.39,-0.854,9.738
50929918,0.01,-0.015,-0.011,-1.379,-0.857,9.724
50951537,0.009,-0.015,-0.01,-1.362,-0.863,9.728
50970754,0.009,-0.016,-0.011,-1.38,-0.863,9.716
50989972,0.009,-0.015,-0.012,-1.367,-0.873,9.726
51011591,0.01,-0.014,-0.01,-1.367,-0.855,9.736
51030808,0.009,-0.016,-0.01,-1.386,-0.864,9.734
51050026,0.009,-0.015,-0.012,-1.379,-0.868,9.734
51071646,0.009,-0.016,-0.01,-1.374,-0.87,9.73
51090863,0.007,-0.015,-0.01,-1.384,-0.86,9.735
51110080,0.007,-0.014,-0.01,-1.368,-0.866,9.722
51131700,0.009,-0.017,-0.01,-1.376,-0.857,9.728
51150917,0.007,-0.017,-0.011,-1.385,-0.862,9.73
51170135,0.007,-0.016,-0.011,-1.37,-0.869,9.728
51191754,0.009,-0.014,-0.01,-1.385,-0.872,9.721
51210971,0.007,-0.015,-0.01,-1.38,-0.863,9.736
51230188,0.009,-0.017,-0.012,-1.383,-0.872,9.717
51251808,0.01,-0.016,-0.01,-1.392,-0.863,9.741
51271026,0.009,-0.014,-0.01,-1.376,-0.875,9.723
51290243,0.009,-0.015,-0.01,-1.39,-0.85,9.735
51311863,0.009,-0.016,-0.012,-1.391,-0.87,9.724
51331080,0.009,-0.016,-0.011,-1.403,-0.878,9.744
51350298,0.009,-0.015,-0.012,-1.376,-0.863,9.727
51371917,0.009,-0.015,-0.01,-1.374,-0.852,9.732
51391134,0.009,-0.015,-0.01,-1.38,-0.866,9.729
51410352,0.009,-0.016,-0.01,-1.386,-0.862,9.73
51429569,0.009,-0.014,-0.011,-1.383,-0.876,9.723
51451188,0.009,-0.014,-0.011,-1.382,-0.857,9.74
51470406,0.009,-0.015,-0.011,-1.37,-0.876,9.727
51489623,0.006,-0.017,-0.012,-1.395,-0.857,9.739
51511243,0.009,-0.017,-0.01,-1.387,-0.874,9.733
51530460,0.007,-0.015,-0.012,-1.367,-0.873,9.73
51549677,0.009,-0.016,-0.01,-1.383,-0.862,9.73
51571297,0.007,-0.017,-0.011,-1.383,-0.863,9.721
51590514,0.009,-0.016,-0.01,-1.385,-0.846,9.726
51609732,0.01,-0.014,-0.01,-1.366,-0.851,9.714
51631351,0.007,-0.015,-0.011,-1.365,-0.858,9.735
51650568,0.007,-0.016,-0.011,-1.382,-0.844,9.739
51669786,0.009,-0.016,-0.012,-1.39,-0.852,9.728
51691405,0.009,-0.016,-0.01,-1.382,-0.863,9.73
51710623,0.009,-0.014,-0.011,-1.379,-0.878,9.733
51729840,0.009,-0.014,-0.009,-1.392,-0.867,9.73
51751460,0.009,-0.017,-0.011,-1.37,-0.858,9.73
51770677,0.007,-0.015,-0.01,-1.368,-0.861,9.723
51789894,0.009,-0.015,-0.01,-1.372,-0.857,9.732
51811514,0.009,-0.016,-0.011,-1.37,-0.879,9.729
51830731,0.009,-0.016,-0.011,-1.379,-0.874,9.729
51849949,0.007,-0.016,-0.01,-1.378,-0.866,9.729
51871568,0.01,-0.015,-0.011,-1.367,-0.848,9.729
51890785,0.009,-0.014,-0.01,-1.376,-0.869,9.739
51910003,0.007,-0.015,-0.011,-1.383,-0.845,9.734
51931622,0.007,-0.018,-0.012,-1.382,-0.87,9.744
51950840,0.009,-0.016,-0.012,-1.371,-0.876,9.736
51970057,0.009,-0.016,-0.013,-1.376,-0.852,9.722
51991677,0.009,-0.015,-0.011,-1.383,-0.857,9.726
52010894,0.007,-0.017,-0.011,-1.377,-0.872,9.732
52030111,0.009,-0.016,-0.011,-1.38,-0.856,9.726
52051731,0.009,-0.016,-0.011,-1.386,-0.86,9.733
52070948,0.007,-0.015,-0.01,-1.364,-0.855,9.734
52090166,0.009,-0.016,-0.011,-1.386,-0.873,9.724
52111785,0.009,-0.016,-0.01,-1.383,-0.87,9.729
52131002,0.009,-0.016,-0.009,-1.371,-0.85,9.732
52150220,0.009,-0.014,-0.012,-1.373,-0.851,9.729
