33777710,0.009,-0.015,-0.012,-0.729,0.657,9.815,,,,,,,,
33799327,0.009,-0.015,-0.011,-0.745,0.66,9.82,,,,,,,,
33818546,0.009,-0.017,-0.011,-0.746,0.661,9.82,,,,,,,,
33837763,0.01,-0.014,-0.011,-0.712,0.657,9.811,,,,,,,,
33856980,0.01,-0.015,-0.011,-0.723,0.663,9.803,,,,,,,,
33878600,0.01,-0.015,-0.011,-0.741,0.648,9.8,,,,,,,,
33897817,0.009,-0.017,-0.01,-0.727,0.655,9.795,,,,,,,,
33917035,0.007,-0.016,-0.012,-0.736,0.655,9.824,,,,,,,,
33938654,0.01,-0.015,-0.011,-0.733,0.654,9.806,,,,,,,,
33957872,0.009,-0.014,-0.011,-0.737,0.661,9.809,,,,,,,,
33977090,0.009,-0.016,-0.012,-0.722,0.664,9.799,,,,,,,,
33998709,0.009,-0.016,-0.011,-0.728,0.654,9.811,,,,,,,,
34017926,0.009,-0.015,-0.01,-0.73,0.658,9.817,,,,,,,,
34037145,0.01,-0.013,-0.011,-0.725,0.654,9.807,,,,,,,,
34058763,0.009,-0.016,-0.012,-0.74,0.642,9.809,,,,,,,,
34077981,0.007,-0.017,-0.01,-0.74,0.66,9.801,,,,,,,,
34097198,0.007,-0.016,-0.011,-0.723,0.664,9.808,,,,,,,,
34118820,0.007,-0.015,-0.01,-0.724,0.644,9.801,,,,,,,,
34138038,0.007,-0.015,-0.011,-0.735,0.661,9.829,,,,,,,,
34157253,0.007,-0.017,-0.01,-0.721,0.666,9.825,,,,,,,,
34178874,0.007,-0.016,-0.011,-0.73,0.661,9.811,,,,,,,,
34198091,0.009,-0.014,-0.01,-0.746,0.658,9.817,,,,,,,,
34217308,0.009,-0.015,-0.011,-0.736,0.64,9.824,,,,,,,,
34238929,0.009,-0.016,-0.012,-0.728,0.667,9.808,,,,,,,,
34258144,0.007,-0.016,-0.012,-0.74,0.652,9.818,,,,,,,,
34277363,0.007,-0.016,-0.011,-0.73,0.643,9.82,,,,,,,,
34298984,0.01,-0.014,-0.011,-0.728,0.643,9.795,,,,,,,,
34318200,0.009,-0.015,-0.011,-0.734,0.65,9.794,,,,,,,,
34337419,0.007,-0.015,-0.011,-0.736,0.654,9.821,,,,,,,,
34359039,0.009,-0.016,-0.012,-0.727,0.655,9.813,,,,,,,,
34378255,0.006,-0.016,-0.013,-0.749,0.65,9.809,,,,,,,,
34397471,0.009,-0.015,-0.011,-0.731,0.639,9.811,,,,,,,,
34419092,0.009,-0.015,-0.011,-0.731,0.645,9.806,,,,,,,,
34438309,0.009,-0.016,-0.011,-0.73,0.654,9.819,,,,,,,,
34457526,0.009,-0.015,-0.012,-0.741,0.667,9.817,,,,,,,,
34479147,0.009,-0.015,-0.011,-0.729,0.644,9.818,,,,,,,,
34498364,0.007,-0.016,-0.011,-0.739,0.646,9.8,,,,,,,,
34517580,0.007,-0.015,-0.01,-0.73,0.657,9.824,,,,,,,,
34539201,0.01,-0.015,-0.011,-0.743,0.667,9.813,,,,,,,,
34558417,0.007,-0.016,-0.013,-0.721,0.655,9.829,,,0.09475382,0.198536508,0.010205084,10.6604882,1.098472688,3.246251974
34577634,0.009,-0.015,-0.01,-0.731,0.65,9.812,,,,,,,,
34599257,0.009,-0.015,-0.011,-0.728,0.657,9.808,,,,,,,,
34618472,0.009,-0.017,-0.011,-0.752,0.649,9.819,,,,,,,,
34637689,0.007,-0.015,-0.01,-0.729,0.661,9.817,,,,,,,,
34659311,0.01,-0.015,-0.012,-0.733,0.644,9.813,,,,,,,,
34678526,0.009,-0.016,-0.01,-0.733,0.644,9.811,,,,,,,,
34697745,0.009,-0.015,-0.01,-0.735,0.649,9.8,,,,,,,,
34716963,0.009,-0.016,-0.012,-0.734,0.67,9.82,,,,,,,,
34738581,0.007,-0.014,-0.011,-0.725,0.656,9.817,,,,,,,,
34757800,0.009,-0.015,-0.011,-0.733,0.655,9.808,,,,,,,,
34777016,0.01,-0.016,-0.011,-0.746,0.664,9.808,,,,,,,,
34798637,0.01,-0.015,-0.01,-0.728,0.648,9.799,,,,,,,,
34817853,0.009,-0.016,-0.012,-0.728,0.655,9.815,,,,,,,,
34837071,0.01,-0.015,-0.011,-0.748,0.655,9.815,,,,,,,,
34858690,0.007,-0.016,-0.011,-0.722,0.649,9.802,,,,,,,,
34877908,0.009,-0.015,-0.011,-0.722,0.66,9.817,,,,,,,,
34899527,0.009,-0.016,-0.011,-0.725,0.666,9.819,,,,,,,,
34918745,0.009,-0.016,-0.01,-0.729,0.637,9.817,,,,,,,,
34937962,0.007,-0.016,-0.01,-0.722,0.673,9.814,,,,,,,,
34959583,0.009,-0.016,-0.011,-0.733,0.65,9.833,,,,,,,,
34978800,0.007,-0.016,-0.011,-0.761,0.656,9.812,,,,,,,,
34998017,-0.037,-0.046,-0.014,-0.772,0.729,9.43,,,,,,,,
35019638,-0.044,-0.087,-0.007,-0.921,0.8,9.617,,,,,,,,
35041256,-0.019,-0.104,0.004,-1.014,0.933,9.929,,,,,,,,
35060473,-0.031,-0.1,0,-0.875,0.505,9.723,,,,,,,,
35079693,-0.133,-0.143,-0.017,-0.67,0.887,9.923,,,,,,,,
35101311,-0.179,-0.102,-0.033,-0.424,0.783,10.323,,,,,,,,
35120530,-0.147,-0.062,-0.035,-0.327,0.642,9.941,,,,,,,,
35142148,-0.084,-0.03,-0.013,-0.303,0.443,9.729,,,,,,,,
35161365,-0.094,-0.023,-0.014,-0.46,0.162,9.759,,,,,,,,
35180583,-0.094,-0.031,-0.022,-0.826,0.142,9.65,,,,,,,,
35202202,-0.129,-0.089,-0.046,-0.596,0.406,9.302,,,,,,,,
35221419,-0.321,-0.182,-0.084,-0.804,1.099,9.141,,,,,,,,
35240639,-0.475,-0.263,-0.054,-1.195,0.771,9.144,,,,,,,,
35262256,-0.575,-0.296,0.046,-1.033,0.939,9.641,,,,,,,,
35281474,-0.617,-0.261,0.083,-0.754,0.461,9.274,,,,,,,,
35300691,-0.588,-0.266,0.022,-0.47,-0.012,9.062,,,,,,,,
35322311,-0.429,-0.289,-0.018,-0.32,-0.56,9.753,,,,,,,,
35341530,-0.358,-0.307,-0.03,-0.274,-1.325,9.997,,,,,,,,
35360748,-0.27,-0.297,0.003,-0.26,-1.15,9.963,,,,,,,,
35379963,-0.132,-0.314,0.011,-0.037,-1.308,10.001,,,,,,,,
35401586,-0.014,-0.311,0.021,0.006,-1.076,10.106,,,,,,,,
35420801,0.086,-0.282,0.016,0.085,-0.834,10.433,,,,,,,,
35440020,0.197,-0.191,0.007,0.521,-0.526,10.69,,,,,,,,
35461638,0.238,-0.138,-0.023,0.475,-0.687,10.251,,,,,,,,
35480857,0.208,-0.1,-0.031,0.673,-0.68,9.88,,,,,,,,
35500075,0.212,-0.124,-0.013,0.516,-0.187,10.03,,,,,,,,
35521693,0.208,-0.129,0,0.421,-0.099,9.967,,,,,,,,
35540910,0.198,-0.089,-0.002,0.125,0.025,9.909,,,,,,,,
35560130,0.175,-0.07,-0.011,0.065,-0.123,10.024,,,,,,,,
35581747,0.158,-0.061,-0.018,0.125,0.02,9.977,,,,,,,,
35600965,0.129,-0.071,-0.019,0.16,0.079,9.829,,,,,,,,
35620182,0.108,-0.071,-0.013,0.265,0.044,9.857,,,,,,,,
35641802,0.094,-0.067,-0.01,0.306,0.026,9.989,,,,,,,,
35661021,0.071,-0.051,-0.018,0.35,-0.014,10.075,,,,,,,,
35680238,0.035,-0.032,-0.014,0.376,0.001,9.946,,,,,,,,
35701856,0.015,-0.016,-0.005,0.357,0.132,9.899,,,,,,,,
35721075,0.005,-0.013,-0.006,0.268,0.104,9.89,,,,,,,,
35740293,-0.009,-0.014,-0.009,0.187,0.063,9.887,,,,,,,,
35761911,-0.009,-0.015,-0.013,0.198,-0.051,9.85,,,,,,,,
35781128,-0.002,-0.017,-0.011,0.255,-0.105,9.876,,,,,,,,
35800349,0.009,-0.019,-0.007,0.292,-0.079,9.899,,,,,,,,
35821965,0.019,-0.019,-0.012,0.314,-0.057,9.905,,,,,,,,
35841183,0.016,-0.015,-0.015,0.283,0.004,9.899,,,,,,,,
35860400,0.004,-0.01,-0.013,0.283,0.057,9.934,,,,,,,,
35882022,-0.009,-0.005,-0.01,0.284,0.092,9.857,,,,,,,,
35901238,-0.016,-0.007,-0.007,0.247,0.073,9.858,,,,,,,,
35920457,-0.021,-0.007,-0.011,0.23,0,9.928,,,,,,,,
35942074,-0.016,-0.011,-0.01,0.26,-0.079,9.902,,,,,,,,
35961292,-0.004,-0.012,-0.01,0.249,-0.145,9.86,,,,,,,,
35980511,0.011,-0.012,-0.011,0.271,-0.157,9.873,,,,,,,,
36002129,0.013,-0.012,-0.012,0.265,-0.049,9.875,,,,,,,,
36021346,0.014,-0.004,-0.012,0.244,0.053,9.821,,,,,,,,
36042966,0.006,-0.011,-0.01,0.257,-0.016,9.857,,,,,,,,
36062183,-0.005,-0.01,-0.011,0.22,-0.004,9.911,,,,,,,,
36083804,-0.014,-0.007,-0.011,0.229,-0.038,9.875,,,,,,,,
36103020,-0.006,-0.011,-0.009,0.257,-0.068,9.875,,,,,,,,
36122238,-0.003,-0.013,-0.011,0.269,-0.098,9.874,,,,,,,,
36143859,0.003,-0.012,-0.01,0.275,-0.096,9.879,,,,,,,,
36163075,0.012,-0.013,-0.011,0.208,-0.063,9.882,,,,,,,,
36182292,0.01,-0.014,-0.01,0.227,-0.035,9.862,,,,,,,,
36203915,0.003,-0.013,-0.012,0.247,0.01,9.862,,,,,,,,
36223130,0.003,-0.017,-0.01,0.257,-0.017,9.904,,,,,,,,
36242347,0.002,-0.017,-0.01,0.253,-0.013,9.898,,,,,,,,
36263969,-0.004,-0.011,-0.01,0.278,-0.041,9.86,,,,,,,,
36283184,-0.002,-0.012,-0.01,0.262,-0.055,9.874,,,,,,,,
36302402,0.002,-0.013,-0.011,0.259,-0.04,9.879,,,,,,,,
36324024,0.005,-0.011,-0.011,0.205,-0.085,9.848,,,,,,,,
36343239,0.003,-0.013,-0.011,0.232,-0.089,9.854,,,,,,,,
36362457,0.003,-0.016,-0.011,0.226,-0.072,9.863,,,,,,,,
36384079,0.001,-0.016,-0.009,0.225,-0.029,9.867,,,,,,,,
36403294,0.004,-0.015,-0.011,0.231,-0.073,9.894,,,,,,,,
36422512,0.004,-0.015,-0.013,0.237,-0.085,9.888,,,,,,,,
36444133,0.003,-0.013,-0.011,0.272,-0.077,9.854,,,,,,,,
36463350,0.002,-0.014,-0.011,0.279,0,9.862,,,,,,,,
36482568,-0.002,-0.013,-0.01,0.214,-0.049,9.881,,,,,,,,
36504188,0.002,-0.012,-0.009,0.207,-0.048,9.891,,,,,,,,
36523404,-0.002,-0.013,-0.012,0.214,-0.073,9.856,,,,,,,,
36542621,-0.009,-0.013,-0.011,0.248,-0.068,9.868,,,,,,,,
36564242,-0.003,-0.012,-0.011,0.235,-0.097,9.908,,,,,,,,
36583457,0.002,-0.016,-0.01,0.221,-0.108,9.861,,,,,,,,
36605080,0.001,-0.014,-0.01,0.226,-0.083,9.887,,,,,,,,
36624296,0.001,-0.013,-0.011,0.233,-0.095,9.906,,,,,,,,
36645915,0.001,-0.015,-0.01,0.227,-0.068,9.817,,,,,,,,
36665131,0.003,-0.016,-0.009,0.225,-0.091,9.902,,,,,,,,
36684351,-0.006,-0.012,-0.012,0.259,-0.068,9.965,,,,,,,,
36705970,-0.011,-0.009,-0.013,0.265,-0.041,9.848,,,,,,,,
36725187,-0.003,-0.012,-0.01,0.242,-0.08,9.847,,,,,,,,
36744403,0,-0.013,-0.007,0.204,-0.12,9.874,,,,,,,,
36766025,-0.006,-0.012,-0.011,0.213,-0.139,9.916,,,,,,,,
36785243,-0.012,-0.011,-0.012,0.212,-0.111,9.838,,,,,,,,
36804460,-0.006,-0.012,-0.01,0.225,-0.145,9.851,,,,,,,,
36826077,0.002,-0.014,-0.009,0.226,-0.126,9.852,,,,,,,,
36845297,0.002,-0.016,-0.009,0.207,-0.162,9.937,,,,,,,,
36864515,0.003,-0.013,-0.011,0.223,-0.116,9.888,,,,,,,,
36886134,0.006,-0.017,-0.011,0.249,-0.14,9.845,,,,,,,,
36905349,-0.002,-0.012,-0.011,0.275,-0.084,9.936,,,,,,,,
36924570,-0.009,-0.009,-0.011,0.256,-0.025,9.866,,,,,,,,
36946190,-0.003,-0.014,-0.01,0.223,-0.132,9.833,,,,,,,,
36965407,-0.011,-0.01,-0.009,0.248,-0.107,9.954,,,,,,,,
36984625,-0.02,-0.006,-0.011,0.253,-0.097,9.855,,,,,,,,
37006242,-0.004,-0.015,-0.01,0.204,-0.172,9.841,,,,,,,,
37025461,-0.004,-0.012,-0.011,0.223,-0.151,9.954,,,,,,,,
37044678,-0.013,-0.006,-0.01,0.272,-0.126,9.868,,,,,,,,
37066297,-0.002,-0.012,-0.01,0.21,-0.208,9.836,,,,,,,,
37085517,0.003,-0.012,-0.011,0.195,-0.187,9.85,,,,,,,,
37104732,-0.009,-0.009,-0.012,0.213,-0.18,9.88,,,,,,,,
37123950,-0.01,-0.013,-0.011,0.214,-0.121,9.882,,,,,,,,
37145570,-0.001,-0.014,-0.01,0.223,-0.142,9.873,,,,,,,,
37164787,0.002,-0.015,-0.01,0.204,-0.141,9.897,,,,,,,,
37184006,-0.003,-0.011,-0.011,0.221,-0.16,9.884,,,,,,,,
37205625,-0.001,-0.011,-0.009,0.25,-0.153,9.888,,,,,,,,
37224840,0.007,-0.015,-0.007,0.229,-0.168,9.896,,,,,,,,
37244060,-0.001,-0.013,-0.011,0.177,-0.219,9.884,,,,,,,,
37265678,-0.006,-0.011,-0.014,0.201,-0.195,9.812,,,,,,,,
37284897,-0.001,-0.015,-0.007,0.223,-0.147,9.885,,,,,,,,
37304113,0,-0.014,-0.009,0.219,-0.177,9.946,,,,,,,,
37325734,-0.012,-0.011,-0.011,0.218,-0.166,9.852,,,,,,,,
37344951,-0.009,-0.012,-0.01,0.199,-0.159,9.858,,,,,,,,
37364169,-0.003,-0.013,-0.01,0.204,-0.187,9.92,,,,,,,,
37385786,-0.003,-0.014,-0.012,0.2,-0.207,9.899,,,,,,,,
37405006,-0.006,-0.011,-0.012,0.204,-0.183,9.83,,,,,,,,
37424223,0.002,-0.014,-0.011,0.219,-0.174,9.89,,,,,,,,
37445844,0.01,-0.016,-0.01,0.18,-0.217,9.923,,,,,,,,
37465058,0.007,-0.017,-0.012,0.181,-0.239,9.827,,,,,,,,
37484277,0.009,-0.015,-0.012,0.2,-0.217,9.841,,,,,,,,
37505898,0.007,-0.018,-0.011,0.221,-0.182,9.947,,,,,,,,
37525115,0.01,-0.019,-0.012,0.215,-0.178,9.909,,,,,,,,
37546732,-0.005,-0.012,-0.013,0.18,-0.159,9.814,,,,,,,,
37565951,-0.02,-0.007,-0.011,0.213,-0.158,9.881,,,,,,,,
37585169,-0.018,-0.012,-0.009,0.235,-0.14,9.903,,,,,,,,
37606787,-0.021,-0.011,-0.011,0.194,-0.218,9.874,,,,,,,,
37626004,-0.017,-0.009,-0.013,0.17,-0.273,9.807,,,,,,,,
37647624,-0.011,-0.01,-0.007,0.196,-0.254,9.851,,,,,,,,
37666842,0.001,-0.013,-0.005,0.195,-0.256,9.955,,,,,,,,
37688461,0.001,-0.014,-0.01,0.195,-0.243,9.899,,,,,,,,
37707678,-0.001,-0.014,-0.012,0.194,-0.23,9.814,,,,,,,,
37729302,-0.001,-0.013,-0.009,0.195,-0.218,9.86,,,,,,,,
37748516,0.003,-0.014,-0.006,0.172,-0.236,9.924,,,,,,,,
37767733,-0.001,-0.012,-0.009,0.199,-0.233,9.908,,,,,,,,
37786951,-0.012,-0.009,-0.01,0.18,-0.265,9.875,,,,,,,,
37808570,-0.011,-0.012,-0.01,0.22,-0.25,9.87,,,,,,,,
37827788,-0.004,-0.012,-0.009,0.164,-0.253,9.817,,,,,,,,
37847005,-0.004,-0.011,-0.009,0.159,-0.285,9.802,,,,,,,,
37868625,0.004,-0.012,-0.007,0.165,-0.308,9.9,,,,,,,,
37887842,0.007,-0.013,-0.011,0.193,-0.29,9.91,,,,,,,,
37907059,0.014,-0.016,-0.01,0.183,-0.297,9.9,,,,,,,,
37928680,0.016,-0.014,-0.012,0.178,-0.257,9.888,,,,,,,,
37950300,0.007,-0.013,-0.009,0.153,-0.177,9.932,,,,,,,,
37969517,0.003,-0.011,-0.01,0.221,-0.176,9.874,,,,,,,,
37988734,0.004,-0.011,-0.009,0.189,-0.206,9.833,,,,,,,,
38007952,0.004,-0.009,-0.01,0.163,-0.281,9.874,,,,,,,,
38029572,0.013,-0.018,-0.01,0.152,-0.271,9.874,,,,,,,,
38048789,0.02,-0.014,-0.011,0.18,-0.248,9.896,,,,,,,,
38068007,0.018,-0.011,-0.009,0.215,-0.204,9.887,,,,,,,,
38089629,0.009,-0.009,-0.01,0.226,-0.17,9.818,,,,,,,,
38111245,-0.011,-0.003,-0.004,0.157,-0.085,9.898,,,,,,,,
38130465,-0.006,-0.003,-0.004,0.219,-0.19,9.941,,,,,,,,
38149683,-0.007,-0.006,-0.005,0.17,-0.248,9.855,,,,,,,,
38171300,-0.009,-0.002,-0.01,0.144,-0.375,9.836,,,,,,,,
38190519,0.01,-0.01,-0.007,0.147,-0.358,9.903,,,,,,,,
38209738,0.014,-0.012,-0.009,0.187,-0.308,9.922,,,,,,,,
38228955,0.014,-0.006,-0.009,0.175,-0.265,9.857,,,,,,,,
38250574,0.02,-0.013,-0.009,0.184,-0.198,9.908,,,,,,,,
38269791,0.013,-0.011,-0.01,0.134,-0.229,9.893,,,,,,,,
38289008,0.009,-0.006,-0.009,0.17,-0.286,9.83,,,,,,,,
38310628,0.007,-0.012,-0.006,0.183,-0.249,9.898,,,,,,,,
38329845,0.006,-0.012,-0.007,0.153,-0.236,9.924,,,,,,,,
38349064,0.007,-0.012,-0.011,0.141,-0.285,9.866,,,,,,,,
38370683,0.02,-0.013,-0.01,0.153,-0.318,9.863,,,,,,,,
38389901,0.02,-0.01,-0.009,0.158,-0.28,9.9,,,,,,,,
38409119,0.021,-0.01,-0.009,0.172,-0.231,9.879,,,,,,,,
38430736,0.026,-0.011,-0.009,0.165,-0.242,9.86,,,,,,,,
38449954,0.015,-0.011,-0.01,0.151,-0.221,9.876,,,,,,,,
38469172,-0.001,-0.006,-0.009,0.15,-0.18,9.872,,,,,,,,
38490791,-0.013,0.002,-0.004,0.171,-0.199,9.929,,,,,,,,
38510007,-0.013,0.001,-0.005,0.165,-0.177,9.88,,,,,,,,
38529228,-0.01,-0.001,-0.007,0.111,-0.321,9.815,,,,,,,,
38550846,-0.011,-0.003,-0.007,0.098,-0.34,9.844,,,,,,,,
38570065,-0.006,0.001,-0.004,0.12,-0.304,9.993,,,,,,,,
38589282,0.009,-0.006,-0.01,0.126,-0.297,9.858,,,,,,,,
38610902,0.017,-0.017,-0.011,0.102,-0.324,9.809,,,,,,,,
38630119,0.012,-0.012,-0.012,0.11,-0.278,9.926,,,,,,,,
38649336,0.013,-0.009,-0.011,0.182,-0.221,9.966,,,,,,,,
38670955,0.016,-0.011,-0.01,0.163,-0.184,9.775,,,,,,,,
38690174,0.017,-0.009,-0.009,0.144,-0.274,9.849,,,,,,,,
38709390,0.016,-0.009,-0.01,0.109,-0.274,9.929,,,,,,,,
38731011,0.013,-0.015,-0.01,0.122,-0.263,9.858,,,,,,,,
38750226,0.01,-0.013,-0.01,0.117,-0.247,9.839,,,,,,,,
38769445,0.012,-0.014,-0.011,0.129,-0.239,9.898,,,,,,,,
38791064,0.002,-0.012,-0.011,0.163,-0.193,9.942,,,,,,,,
38810283,0,-0.007,-0.011,0.17,-0.249,9.89,,,,,,,,
38829499,0.007,-0.01,-0.01,0.144,-0.269,9.83,,,,,,,,
38851119,0.003,-0.011,-0.01,0.089,-0.267,9.909,,,,,,,,
38870336,0.007,-0.007,-0.011,0.123,-0.31,9.924,,,,,,,,
38889553,0.015,-0.018,-0.011,0.117,-0.278,9.745,,,,,,,,
38911172,0.003,-0.014,-0.011,0.119,-0.211,9.946,,,,,,,,
38930391,0.004,-0.005,-0.01,0.165,-0.176,9.933,,,,,,,,
38949608,0.003,-0.003,-0.007,0.17,-0.193,9.716,,,,,,,,
38971227,-0.011,-0.004,-0.005,0.135,-0.212,9.807,,,,,,,,
38990444,-0.012,-0.002,-0.006,0.134,-0.195,10.052,,,,,,,,
39009663,-0.015,-0.001,-0.01,0.092,-0.28,9.887,,,,,,,,
39031282,-0.016,-0.012,-0.012,0.077,-0.32,9.788,,,,,,,,
39050500,0.005,-0.007,-0.009,0.073,-0.371,9.884,,,,,,,,
39069716,0.022,-0.013,-0.007,0.093,-0.368,9.912,,,,,,,,
39091336,0.014,-0.018,-0.011,0.12,-0.303,9.879,,,,,,,,
39110557,0.022,-0.012,-0.01,0.121,-0.235,9.835,,,,,,,,
39129773,0.025,-0.01,-0.01,0.127,-0.244,9.869,,,,,,,,
39148990,0.015,-0.01,-0.01,0.12,-0.22,9.876,,,,,,,,
39170611,0.013,-0.009,-0.009,0.098,-0.261,9.855,,,,,,,,
39189827,0.013,-0.014,-0.011,0.083,-0.297,9.879,,,,,,,,
39209045,0.01,-0.015,-0.012,0.079,-0.297,9.91,,,,,,,,
39230662,0.012,-0.012,-0.01,0.107,-0.268,9.899,,,,,,,,
39249882,0.007,-0.005,-0.011,0.17,-0.256,9.876,,,,,,,,
39269100,0.002,-0.002,-0.012,0.129,-0.251,9.873,,,,,,,,
39290719,0.016,-0.009,-0.01,0.087,-0.238,9.791,,,,,,,,
39309934,0.012,-0.002,-0.006,0.051,-0.266,9.831,,,,,,,,
39329154,-0.003,0.002,-0.005,0.078,-0.21,9.844,,,,,,,,
39350775,0.002,-0.007,-0.004,0.085,-0.201,9.949,,,,,,,,
39369992,0,-0.011,-0.01,0.04,-0.243,9.976,,,,,,,,
39389207,-0.004,-0.005,-0.012,0.035,-0.346,9.796,,,,,,,,
39410829,-0.007,-0.015,-0.009,0.072,-0.278,9.785,,,,,,,,
39430046,0.004,-0.012,-0.005,0.085,-0.266,10.024,,,,,,,,
39449264,0.021,-0.011,-0.01,0.098,-0.298,9.863,,,,,,,,
39470881,0.012,-0.013,-0.013,0.081,-0.305,9.757,,,,,,,,
39490100,0.017,-0.014,-0.011,0.087,-0.298,9.91,,,,,,,,
39509317,0.029,-0.007,-0.006,0.093,-0.25,9.967,,,,,,,,
39530938,0.018,-0.011,-0.009,0.093,-0.231,9.75,,,,,,,,
39550156,0.01,-0.013,-0.012,0.098,-0.227,9.836,,,,,,,,
39569372,0.015,-0.009,-0.01,0.068,-0.238,10.045,,,,,,,,
39590993,0.013,0.002,-0.006,0.042,-0.296,9.845,,,,,,,,
39610209,0.01,-0.014,-0.011,0.061,-0.334,9.72,,,,,,,,
39629427,0.013,-0.017,-0.012,-0.024,-0.269,9.899,,,,,,,,
39651047,0.015,-0.009,-0.011,0.128,-0.241,9.948,,,,,,,,
39670263,0.015,-0.014,-0.012,0.101,-0.271,9.789,,,,,,,,
39689482,0.01,-0.004,-0.007,0.159,-0.08,9.765,,,,,,,,
39711099,0.036,0.003,-0.007,-0.042,-0.321,9.912,,,,,,,,
39730319,0.023,-0.019,-0.009,0.036,-0.254,9.918,,,,,,,,
39749537,-0.005,-0.028,-0.013,0.073,-0.226,9.89,,,,,,,,
39771156,0.009,-0.013,-0.01,0.135,-0.17,9.867,,,,,,,,
39790373,-0.03,-0.025,-0.007,0.249,-0.135,9.85,,,,,,,,
39811991,-0.121,-0.136,-0.036,2.392,-0.196,9.794,,,,,,,,
39831209,-0.238,-0.01,0.014,3.625,-0.36,10.368,,,,,,,,
39850427,-0.252,0.14,-0.038,3.569,-0.229,10.1,,,,,,,,
39872045,-0.238,0.208,-0.074,2.27,-0.518,9.593,,,,,,,,
39891263,-0.284,0.266,-0.069,1.865,-0.56,9.35,,,,,,,,
39910482,-0.273,0.334,-0.05,1.73,-0.924,9.995,,,,,,,,
39932100,-0.214,0.291,-0.013,1.396,-0.5,9.839,,,,,,,,
39951317,-0.079,0.256,-0.014,1.438,-0.575,9.01,,,,,,,,
39972937,0.007,0.306,0.048,0.484,-0.244,9.754,,,,,,,,
39992154,-0.167,0.228,0,-0.415,-0.898,9.801,,,,,,,,
40013775,-0.241,0.027,-0.043,-0.509,-0.433,10.109,,,,,,,,
40032991,-0.112,-0.127,-0.05,-0.208,-0.486,9.629,,,,,,,,
40052209,-0.084,-0.094,-0.072,-0.223,-1.602,9.941,,,,,,,,
40073830,-0.038,0.033,-0.006,-0.724,-1.358,9.89,,,,,,,,
40093046,-0.035,-0.036,-0.056,0.172,-1.021,9.989,,,,,,,,
40112263,0.076,-0.141,-0.074,0.311,-0.054,10.838,,,,,,,,
40133886,0.183,-0.062,-0.032,-0.767,-0.992,9.679,,,,,,,,
40153102,0.054,-0.022,-0.015,-0.81,-0.893,9.9,,,,,,,,
40172319,-0.047,-0.13,-0.006,-1.051,-0.929,9.815,,,,,,,,
40193939,-0.075,-0.163,-0.06,-0.721,-0.8,10.091,,,,,,,,
40213156,0.005,-0.084,-0.07,0.034,-0.153,10.464,,,,,,,,
40232373,-0.01,-0.026,-0.031,0.225,-0.941,10.007,,,,,,,,
40253994,-0.104,-0.065,-0.034,0.482,-1.225,9.699,,,,,,,,
40273210,-0.039,-0.011,-0.007,-0.991,-0.889,9.568,,,,,,,,
40292427,0.071,0.012,0.032,-0.469,-0.794,9.666,,,,,,,,
40314050,0.047,-0.089,-0.009,0.133,-0.467,10.541,,,,,,,,
40333264,0.014,-0.089,0.007,-0.065,-0.846,10.195,,,,,,,,
40354884,0.004,-0.021,-0.021,-0.607,-0.923,10.154,,,,,,,,
40374104,-0.014,-0.042,-0.019,-0.375,-1.049,9.493,,,,,,,,
40393319,-0.025,-0.081,-0.017,-0.375,-0.497,10.119,,,,,,,,
40414940,0.014,-0.062,0.007,-0.078,-0.077,9.947,,,,,,,,
40434158,-0.026,0.027,0.037,-0.154,-0.644,9.56,,,,,,,,
40455778,-0.036,-0.044,0.025,0.186,-1.195,9.311,,,,,,,,
40474996,-0.03,-0.08,0.016,-1.042,-1.429,9.753,,,,,,,,
[40486 ms] [WARN] LIDAR0 checksum mismatch. Dropping frame.,,,,,,,,,,,,,,
40494213,0.005,-0.049,0.018,-0.3,-0.898,9.982,,,,,,,,
40515830,0.039,-0.072,-0.002,0.924,-0.777,9.807,,,,,,,,
40535049,0.023,-0.026,0.019,0.539,-0.802,9.915,,,,,,,,
40554266,0.007,0.019,0.043,0.294,-0.825,9.643,,,,,,,,
40575888,-0.013,-0.015,0.036,0.468,-1.524,10.317,,,,,,,,
40595102,-0.017,-0.039,0.035,0.487,-1.186,10.119,,,,,,,,
40616722,-0.072,0.049,0.023,0.165,-0.919,10.113,,,,,,,,
40635941,-0.162,0.047,0.006,0.382,-0.751,9.917,,,,,,,,
40655159,-0.201,-0.03,-0.039,-0.105,-0.436,8.981,,,,,,,,
40676776,-0.178,-0.013,-0.049,0.05,-0.614,9.965,,,,,,,,
40695995,-0.109,0.046,-0.001,-0.129,-1.399,9.593,,,,,,,,
40715212,-0.088,0.043,0.001,-0.629,-0.755,10.766,,,,,,,,
40736831,-0.076,-0.072,-0.003,-0.529,-1.617,9.469,,,,,,,,
40756048,-0.063,-0.121,-0.015,-0.024,-0.769,9.275,,,,,,,,
40775268,-0.059,-0.031,0.03,-0.445,-1.346,8.686,,,,,,,,
40796886,-0.088,0.135,0.052,0.141,-0.283,8.767,,,,,,,,
40818505,0.12,0.161,0.115,-0.797,-1.378,9.383,,,,,,,,
40837723,0.218,0.224,0.132,0.045,-1.237,10.036,,,,,,,,
40856941,0.21,0.182,0.149,-0.82,-1.04,10.353,,,,,,,,
40878560,0.259,0.16,0.097,-0.162,-1.208,10.366,,,,,,,,
40897779,0.239,0.125,0.064,-1.159,-1.347,10.755,,,,,,,,
40916996,0.366,0.039,0.085,-0.591,-1.492,9.358,,,,,,,,
40938617,0.349,-0.025,0.061,-1.109,-0.542,10.028,,,,,,,,
40957834,0.085,-0.066,0.032,-0.403,-0.808,10.754,,,,,,,,
40977049,-0.092,-0.07,0.021,-0.783,-0.418,10.957,,,,,,,,
40998670,-0.038,-0.069,-0.013,-0.382,-0.441,9.259,,,,,,,,
41017886,0.015,-0.113,-0.01,-0.296,-0.065,8.536,,,,,,,,
41037104,-0.062,-0.131,-0.022,-0.787,-0.943,9.946,,,,,,,,
41058723,-0.115,-0.085,0.011,-0.59,-0.957,10.784,,,,,,,,
41077941,-0.068,-0.18,0.022,-0.388,-0.928,10.532,,,,,,,,
41097158,0.042,-0.164,0.064,-0.352,-1.659,9.902,,,,,,,,
41118778,0.071,-0.105,0.019,0.215,-0.769,10.078,,,,,,,,
41137996,-0.077,-0.033,-0.022,-0.03,-1.222,9.969,,,,,,,,
41159616,-0.077,-0.046,-0.07,-0.116,-0.469,9.805,,,,,,,,
41178836,-0.075,-0.124,-0.061,0.012,-0.837,9.794,,,,,,,,
41198050,-0.028,-0.11,-0.052,0.205,-1.185,9.359,,,,,,,,
41219669,-0.001,-0.016,-0.022,-0.638,-0.459,9.902,,,,,,,,
41241293,0.031,0.022,-0.019,0.761,-1.244,9.54,,,,,,,,
41260510,-0.019,0.004,-0.039,-0.9,-0.719,10.119,,,,,,,,
41279725,-0.12,0.014,-0.058,-0.314,-1.089,10.519,,,,,,,,
41298944,-0.08,0.002,-0.061,-0.409,-1.006,9.773,,,,,,,,
41320563,0.004,0.04,-0.075,-0.201,-0.84,9.04,,,,,,,,
41339782,0.156,0.07,-0.032,-0.85,-1.373,9.376,,,,,,,,
41361398,0.105,0.078,-0.056,0.024,-0.972,10.007,,,,,,,,
41380616,0.022,0.093,-0.05,-0.917,-0.778,10.801,,,,,,,,
41402236,-0.053,0.074,-0.123,0.225,-0.678,9.691,,,,,,,,
41421453,0.001,-0.081,-0.111,-0.619,-0.441,10.07,,,,,,,,
41440672,0.054,-0.022,-0.111,-0.508,-1.283,9.682,,,,,,,,
41462290,-0.004,0.028,-0.097,-0.99,-0.257,9.767,,,,,,,,
41481507,-0.068,0.045,-0.096,-0.919,-1.136,9.63,,,,,,,,
41500726,-0.066,-0.018,-0.08,-0.691,-0.733,9.612,,,,,,,,
41522345,-0.115,-0.092,-0.117,-0.372,-1.095,10.651,,,,,,,,
41541562,-0.164,-0.071,-0.126,-0.664,-0.684,10.151,,,,,,,,
41563182,-0.091,0.014,-0.135,0.086,-0.439,9.702,,,,,,,,
41582401,0.133,0.1,-0.08,0.075,-0.93,9.246,,,,,,,,
41604021,0.198,0.079,-0.064,-0.218,-0.794,9.134,,,,,,,,
41623236,0.114,0.037,-0.062,-0.055,-0.922,9.969,,,,,,,,
41642455,-0.083,0.018,-0.117,-0.729,-0.277,11.734,,,,,,,,
41664076,-0.166,0.02,-0.123,-0.986,-0.447,10.289,,,,,,,,
41683293,0.007,-0.138,-0.143,-1.081,-0.825,8.573,,,,,,,,
41702508,0.062,-0.284,-0.109,-0.268,-0.348,8.35,,,,,,,,
41724131,-0.016,-0.267,-0.119,-0.208,-1.283,9.721,,,,,,,,
41743346,0.049,-0.152,-0.081,0.332,-1.119,10.109,,,,,,,,
41762563,0.108,-0.131,-0.096,-0.244,-0.529,10.364,,,,,,,,
41784184,0.179,-0.154,-0.075,-0.431,-1.377,9.802,,,,,,,,
41803400,0.252,-0.197,-0.092,-0.583,-0.47,9.915,,,,,,,,
41822618,0.344,-0.195,-0.075,-0.053,-1.119,10.653,,,,,,,,
41844240,0.353,-0.141,-0.08,0.11,-0.613,10.277,,,,,,,,
41863454,0.385,-0.072,-0.045,0.032,-0.494,9.613,,,,,,,,
41885076,0.358,-0.009,-0.019,0.661,-0.534,9.165,,,,,,,,
41904293,0.315,-0.006,-0.02,0.251,0.103,10.062,,,,,,,,
41925913,0.048,0.115,-0.046,-0.075,0.36,10.385,,,,,,,,
41945132,-0.081,0.136,-0.079,0.166,0.006,9.717,,,,,,,,
41964348,-0.065,0.1,-0.087,-0.153,0.506,9.702,,,,,,,,
41985969,-0.038,0.03,-0.012,-0.036,-0.929,10.136,,,,,,,,
42005186,-0.019,0.029,-0.02,-0.123,-0.697,10.146,,,,,,,,
42024402,0.001,-0.01,-0.035,-0.006,-0.305,10.483,,,,,,,,
42046023,0.035,-0.007,-0.048,0.184,-0.864,9.597,,,,,,,,
42065240,0.015,-0.003,-0.077,-0.047,-0.315,10.379,,,,,,,,
42084457,0.002,0.042,-0.075,0.479,-0.299,9.767,,,,,,,,
42106076,0.355,0.179,0.078,-7.529,-2.051,11.722,,,,,,,,
42125295,-0.235,0.597,0.138,-20.193,-1.465,13.378,,,,,,,,
42144511,0.566,0.796,0.176,-10.054,-2.534,4.792,,,,,,,,
42166129,1.007,-0.342,0.291,-1.229,-1.532,3.565,,,,,,,,
42185350,0.883,-0.852,0.398,2.674,2.666,5.161,,,,,,,,
42206967,0.793,-0.8,0.173,5.399,3.818,14.806,,,,,,,,
42226186,0.108,-0.489,-0.065,7.5,0.299,14.092,,,,,,,,
42245403,-0.097,-0.149,-0.083,6.558,3.782,11.045,,,,,,,,
42267023,0.004,0.267,0.063,-3.641,1.32,10.48,,,,,,,,
42286241,-0.207,0.012,0.134,-8.311,0.951,11.086,,,,,,,,
42305458,0.036,-0.111,0.173,-5.229,0.418,7.975,,,,,,,,
42327078,-0.331,-0.392,0.071,0.589,1.689,7.587,,,,,,,,
42348698,-0.642,-0.48,-0.004,4.129,0.363,11.168,,,,,,,,
42367914,-0.62,-0.407,-0.036,4.488,1.008,12.49,,,,,,,,
42387130,-0.593,-0.323,-0.043,3.441,0.976,10.287,,,,,,,,
42408751,-0.31,0.048,-0.004,1.367,-0.577,8.955,,,,,,,,
42427967,-0.224,0.006,-0.051,0.728,-1.561,9.703,,,,,,,,
42447185,-0.051,0.087,-0.055,-1.244,-1.134,9.522,,,,,,,,
42468806,-0.177,0.034,-0.067,-0.787,-1.927,9.018,,,,,,,,
42488021,-0.153,-0.333,-0.099,0.406,-0.109,11.502,,,,,,,,
42507239,-0.042,-0.533,-0.066,0.214,0.097,11.839,,,,,,,,
42528860,0.056,-0.258,0.007,1.318,-0.189,9.726,,,,,,,,
42548076,-0.049,-0.28,-0.038,3.121,-0.219,8.799,,,,,,,,
42567294,-0.177,-0.526,-0.033,4.592,-0.4,10.741,,,,,,,,
42588915,-0.162,-0.3,0.037,1.981,0.443,9.835,,,,,,,,
42608131,-0.021,0.099,0.082,1.109,-0.749,8.155,,,,,,,,
42627348,-0.054,-0.162,0.031,3.648,-0.854,9.284,,,,,,,,
42648971,-0.146,-0.624,-0.027,5.172,-0.342,10.166,,,,,,,,
42668185,0.051,-0.082,0.015,1.959,-1.146,9.329,,,,,,,,
42689806,0.307,0.373,0.156,0.587,-1.584,8.593,,,,,,,,
42709024,0.24,0.246,0.088,4.595,-1.203,8.457,,,,,,,,
42728239,0.273,-0.315,-0.056,7.227,-0.991,9.575,,,,,,,,
42749861,0.432,0.18,0.014,2.546,-0.453,10.409,,,,,,,,
42769078,0.562,0.659,0.132,0.308,-0.247,10.097,,,,,,,,
42788294,0.338,0.471,0.084,0.06,0.642,9.256,,,,,,,,
42809916,0.033,-0.052,-0.021,3.274,0.176,8.77,,,,,,,,
42829132,-0.055,-0.197,-0.026,2.533,0.065,8.716,,,,,,,,
42848350,-0.064,0.187,0.086,3.28,0.241,8.425,,,,,,,,
42869971,-0.153,0.421,0.111,-0.71,-0.026,10.216,,,,,,,,
42889186,-0.184,0.417,0.11,0.005,0.302,9.193,,,,,,,,
42910807,-0.236,0.2,0.068,0.467,-0.244,8.411,,,,,,,,
42930026,-0.116,-0.07,0.069,-0.503,-0.795,8.521,,,,,,,,
42949243,-0.096,-0.209,0.085,-0.563,-0.344,10.169,,,,,,,,
42970862,0.075,-0.01,0.115,0.383,-1.052,10.352,,,,,,,,
42990079,0.087,0.128,0.11,0.587,-0.787,8.337,,,,,,,,
43011699,0.019,0.026,0.091,-0.034,-0.073,7.944,,,,,,,,
43030917,0.144,-0.201,0.108,-0.296,0.538,8.979,,,,,,,,
43050132,0.209,-0.337,0.179,0.662,0.476,10.929,,,,,,,,
43071752,0.214,-0.268,0.176,-1.377,-0.315,9.827,,,,,,,,
43090971,0.591,0.604,-0.551,-19.223,1.792,9.111,,,,,,,,
43110188,-0.385,1.104,-0.689,-11.441,0.157,19.215,,,,,,,,
43131806,-0.462,0.496,-0.202,2.296,0.511,12.847,,,,,,,,
43153426,-0.696,-0.462,0.097,-0.678,-2.819,5.855,,,,,,,,
43172643,-0.589,-0.403,0.244,-1.656,-1.123,6.68,,,,,,,,
43194266,-0.552,-0.128,0.156,0.748,-1.895,9.948,,,,,,,,
43213481,-0.539,0.003,-0.054,-0.174,-1.437,8.105,,,,,,,,
43235103,-0.226,-0.056,-0.092,-2.372,-1.044,9.696,,,,,,,,
43254320,-0.079,-0.062,0.04,-1.887,-0.547,9.635,,,,,,,,
43273534,-0.038,-0.42,0.011,0.363,-0.905,9.642,,,,,,,,
43295157,-0.487,-0.722,-0.124,3.674,-0.445,11.212,,,,,,,,
43314374,-0.562,-0.258,-0.11,3.781,-0.523,12.218,,,,,,,,
43333589,-0.324,0.173,-0.065,3.257,0.308,10.427,,,,,,,,
43355210,0.276,0.359,0.018,3.837,-1.203,8.782,,,,,,,,
43374427,0.491,0.555,0.046,5.622,-1.712,8.885,,,,,,,,
43396048,0.642,0.76,0.046,5.073,-1.906,8.208,,,,,,,,
43415266,0.811,0.773,0.07,1.044,-2.616,9.066,,,,,,,,
43434480,0.959,0.787,0.04,-1.087,-2.149,10.766,,,,,,,,
43456103,0.473,0.187,-0.166,0.617,-0.777,10.689,,,,,,,,
43475321,0.386,-0.047,-0.178,-0.767,0.408,10.335,,,,,,,,
43494536,0.568,-0.186,-0.079,0.708,1.562,8.617,,,,,,,,
43516157,0.462,0.135,-0.049,1.225,-0.54,6.977,,,,,,,,
43535374,0.082,0.405,-0.033,1.362,-0.265,6.736,,,,,,,,
43556994,-0.144,0.652,-0.081,1.348,-0.302,8.337,,,,,,,,
43576211,-0.393,0.603,-0.144,-0.188,0.105,10.44,,,,,,,,
43595426,-0.501,0.516,-0.151,0.594,0.019,10.62,,,,,,,,
43617048,-0.392,0.417,-0.115,0.491,0.01,10.585,,,,,,,,
43636267,-0.152,0.413,-0.075,-0.421,-1.178,10.191,,,,,,,,
43657883,0.066,0.376,-0.056,-0.06,-0.898,10.439,,,,,,,,
43677102,0.233,0.505,-0.054,-0.182,-1.288,10.352,,,,,,,,
43698721,0.549,0.712,-0.018,-0.594,-1.359,9.231,,,,,,,,
43717939,0.803,0.721,0.019,-0.814,-0.668,8.68,,,,,,,,
43737157,0.883,0.583,0.045,-0.904,-0.725,8.767,,,,,,,,
43758776,0.767,0.271,0.092,-1.071,0.053,9.439,,,,,,,,
43777993,0.504,-0.012,0.095,-2.68,1.026,10.517,,,,,,,,
43797211,0.327,-0.092,0.145,-2.291,1.962,11.004,,,,,,,,
43818831,0.123,0.039,0.137,-1.897,2.321,11.109,,,,,,,,
43838047,0.031,0.191,0.071,-3.171,1.069,10.03,,,,,,,,
43857264,-0.067,0.128,0.04,-2.618,1.196,7.878,,,,,,,,
43878885,-0.127,-0.071,0.001,-2.631,0.129,8.601,,,,,,,,
43898102,-0.27,-0.166,-0.009,-2.774,0.484,11.07,,,,,,,,
43917318,-0.408,0,-0.013,-2.287,-0.089,10.617,,,,,,,,
43938941,-0.288,0.067,0.021,-4.304,0.183,10.063,,,,,,,,
43958157,-0.376,0.35,0.048,-3.259,0.192,10.998,,,,,,,,
43977373,-0.415,0.565,0.009,-1.239,0.291,9.935,,,,,,,,
43998995,-0.279,0.301,-0.009,-0.566,-0.492,6.038,,,,,,,,
44018210,-0.161,-0.051,-0.065,-1.869,-0.516,6.392,,,,,,,,
44039832,-0.104,-0.485,-0.023,-6.897,0.396,12.425,,,,,,,,
44059047,-0.023,-0.58,-0.018,-8.032,0.289,13.949,,,,,,,,
44078265,-0.246,-0.712,-0.132,-4.11,-0.127,10.803,,,,,,,,
44099886,-0.175,-0.92,-0.119,-2.603,-0.424,7.121,,,,,,,,
44119105,0.098,-0.876,-0.07,-1.216,-0.833,7.406,,,,,,,,
44138319,0.189,-0.611,0.051,-0.876,-0.559,9.348,,,,,,,,
44159942,0.014,-0.273,0.069,-0.856,0.066,9.196,,,,,,,,
44179159,-0.026,-0.161,0.059,-1.471,-0.321,9.404,,,,,,,,
44198373,0.115,-0.186,0.027,-1.689,0.445,9.73,,,,,,,,
44219994,0.077,-0.303,-0.051,-1.542,0.888,10.09,,,,,,,,
44239213,-0.049,-0.428,-0.167,-0.165,0.731,10.382,,,,,,,,
44258429,-0.079,-0.452,-0.264,-0.04,0.485,10.225,,,,,,,,
44280050,-0.059,-0.387,-0.191,0.411,0.055,9.675,,,,,,,,
44299267,-0.109,-0.353,-0.089,0.869,-0.229,9.473,,,,,,,,
44318482,-0.21,-0.345,-0.012,0.815,-0.397,9.496,,,,,,,,
44340104,-0.27,-0.358,0.007,0.789,-0.56,9.874,,,,,,,,
44359322,-0.325,-0.461,-0.021,0.524,-0.485,10.38,,,,,,,,
44380940,-0.267,-0.368,-0.043,-0.257,-0.235,10.08,,,,,,,,
44400160,-0.234,-0.328,-0.099,0.708,-0.196,9.495,,,,,,,,
44419377,-0.278,-0.369,-0.137,0.502,-0.846,9.957,,,,,,,,
44441003,-0.215,-0.393,-0.164,0.37,-0.618,9.393,,,,,,,,
44460211,-0.17,-0.394,-0.154,0.066,-0.623,8.664,,,,,,,,
44479430,-0.272,-0.457,-0.162,0.745,-0.523,8.685,,,,,,,,
44501051,-0.333,-0.429,-0.111,-0.061,-0.599,10.04,,,,,,,,
44520268,-0.388,-0.211,-0.114,0.323,0.08,10.327,,,,,,,,
44539486,-0.326,-0.169,-0.092,0.669,-0.425,9.893,,,,,,,,
44561104,-0.333,-0.083,-0.079,0.682,-1.15,9.987,,,,,,,,
44580322,-0.303,-0.088,-0.059,0.345,-1.645,10.2,,,,,,,,
44599540,-0.184,-0.126,-0.07,0.403,-1.696,10.404,,,,,,,,
44621157,0.166,-0.222,-0.079,-0.275,-2.506,9.809,,,,,,,,
44640377,0.333,-0.243,-0.117,0.08,-2.055,9.017,,,,,,,,
44661994,0.583,-0.421,-0.131,-0.159,-1.877,8.679,,,,,,,,
44681212,0.606,-0.409,-0.129,0.618,-1.062,10.237,,,,,,,,
44700432,0.846,-0.397,-0.099,0.822,-0.991,10.963,,,,,,,,
44722049,0.68,-0.131,-0.076,0.741,-0.318,11.56,,,,,,,,
44741267,0.587,-0.037,-0.028,1.117,0.366,9.454,,,,,,,,
44760484,0.542,-0.062,-0.036,0.892,0.145,8.409,,,,,,,,
44782105,0.486,-0.365,-0.043,0.544,0.487,8.469,,,,,,,,
44801322,0.32,-0.362,-0.096,1.033,-0.388,11.063,,,,,,,,
44822940,-0.127,0.093,0.164,0.385,1.16,12.103,,,,,,,,
44842158,0.045,0.702,0.326,1.159,0.289,11.525,,,,,,,,
44863779,0.33,0.733,0.29,3.139,2.855,9.53,,,,,,,,
44882995,0.56,0.707,0.167,3.696,0.668,7.165,,,,,,,,
44902212,0.436,0.741,0.063,-5.756,-2.702,10.807,,,,,,,,
44923832,-0.176,0.616,-0.026,-14.543,-4.967,16.5,,,,,,,,
44943049,-0.145,0.118,-0.278,-10.84,-1.671,16.419,,,,,,,,
44962269,1.033,-0.678,0.126,-5.336,-0.315,8.459,,,,,,,,
44983888,0.437,-1.203,0.121,1.632,1.611,6.229,,,,,,,,
45003105,0.311,-1.266,0.009,6.059,2.649,10.203,,,,,,,,
45022322,0.072,-0.871,0.043,7.78,3.538,12.765,,,,,,,,
45043943,0.003,-0.48,0.039,7.139,2.546,11.691,,,,,,,,
45063160,-0.385,-0.309,0.046,5.29,1.966,9.468,,,,,,,,
45082376,-0.454,-0.246,0.051,2.324,0.64,7.912,,,,,,,,
45103996,-0.409,0.07,0.016,-0.055,0.39,6.332,,,,,,,,
45123213,-0.146,0.259,0.126,-1.039,-0.26,7.315,,,,,,,,
45142430,-0.548,-0.001,0.021,2.162,0.051,8.604,,,,,,,,
45164052,-0.686,-0.388,-0.111,3.017,1.65,10.663,,,,,,,,
45183267,-0.718,0.026,-0.164,1.088,-0.186,9.941,,,,,,,,
45204889,-0.558,0.247,-0.089,3.521,-0.445,9.108,,,,,,,,
45224107,-0.469,-0.118,-0.125,6.914,-1.373,9.163,,,,,,,,
45243321,-0.47,0.054,-0.031,1.367,-1.056,9.477,,,,,,,,
45264944,-0.179,0.629,0.053,0.68,-1.853,7.933,,,,,,,,
45284160,-0.02,0.536,0.039,1.149,-1.841,9.255,,,,,,,,
45305780,-0.158,-0.036,-0.1,4.941,-1.414,10.249,,,,,,,,
45327399,-0.112,0.096,-0.015,1.033,-0.753,11.251,,,,,,,,
45346618,-0.084,0.41,0.032,2.812,-0.181,10.258,,,,,,,,
45368235,-0.036,0.347,0.089,0.721,-0.158,10.774,,,,,,,,
45387454,-0.152,0.405,0.033,2.574,-0.449,9.762,,,,,,,,
45409073,-0.135,0.33,0.012,0.924,-0.275,8.993,,,,,,,,
45428292,-0.062,0.207,0.004,0.705,-1.235,7.851,,,,,,,,
45447509,-0.011,0.067,0.033,0.74,-1.129,9.527,,,,,,,,
45469129,-0.123,-0.018,0.069,-0.168,-0.939,9.875,,,,,,,,
45488344,0.143,0.072,0.156,-1.891,-1.138,12.483,,,,,,,,
45507563,-0.061,-0.231,0.065,-2.576,-0.582,11.678,,,,,,,,
45529183,0.159,-0.471,0.055,-0.249,-0.206,9.642,,,,,,,,
45548399,0.345,-0.329,0.093,1.451,-0.717,7.593,,,,,,,,
45570019,0.478,0.147,0.202,2.283,-0.444,7.704,,,,,,,,
45589238,0.55,0.468,0.235,1.095,-1.512,7.534,,,,,,,,
45608453,0.424,0.802,0.168,3.18,-0.286,8.527,,,,,,,,
45630075,0.313,0.929,0.091,2.242,-0.46,8.064,,,,,,,,
45649292,0.325,0.802,0.071,1.821,0.415,8.066,,,,,,,,
45668507,0.296,0.484,0.068,1.496,0.633,8.045,,,,,,,,
45690130,0.254,0.176,0.019,0.479,-0.157,5.346,,,,,,,,
45709347,-0.878,1.12,0.333,-27.69,-4.475,9.827,,,,,,,,
45730967,0.051,3.255,0.2,-2.185,1.635,24.504,,,,,,,,
45750185,-0.877,2.111,-0.071,-0.761,-0.154,15.924,,,,,,,,
45769401,-0.491,1.223,-0.029,7.869,1.245,7.945,,,,,,,,
45791021,-0.79,-0.016,-0.323,2.453,-0.487,7.883,,,,,,,,
45810238,-0.542,-0.356,-0.232,-1.646,-1.565,9.85,,,,,,,,
45829456,-0.517,0.193,-0.062,0.584,-3.256,9.492,,,,,,,,
45851076,-0.245,0.492,0.063,1.427,-1.645,5.148,,,,,,,,
45870294,-0.156,0.474,0.013,1.091,-1.507,3.548,,,,,,,,
45889508,0.123,0.398,-0.05,-0.236,-1.331,6.354,,,,,,,,
45911130,0.163,0.43,-0.084,-0.992,-1.692,9.858,,,,,,,,
45930348,0.083,0.431,-0.069,-0.345,-1.689,10.616,,,,,,,,
45949565,0.082,0.434,-0.063,-0.771,-0.636,10.989,,,,,,,,
45971184,0.248,0.437,-0.051,-0.983,-0.82,10.295,,,,,,,,
45990402,0.234,0.435,-0.011,-1.512,-0.534,10.664,,,,,,,,
46012021,0.133,0.623,0.023,-1.137,-0.158,9.884,,,,,,,,
46031240,0.166,0.799,0.021,-2.996,-0.332,8.841,,,,,,,,
46050454,0.224,0.975,0.061,-2.864,-1.629,9.048,,,,,,,,
46072076,0.124,1.52,0.126,-7.098,-0.769,12.198,,,,,,,,
46091293,-0.078,1.506,0.079,-7.092,-1.542,13.969,,,,,,,,
46112910,-0.14,0.668,0.028,-6.448,-1.432,10.863,,,,,,,,
46132129,0.167,-0.259,-0.04,-5.185,-1.231,6.526,,,,,,,,
46153749,0.502,-0.805,-0.037,-4.013,-1.912,4.852,,,,,,,,
46172966,0.757,-1.016,-0.037,-5.598,-1.645,4.573,,,,,,,,
46192184,0.943,-1.278,-0.02,-5.504,-1.73,4.82,,,,,,,,
46213804,0.793,-1.58,-0.083,-5.301,-1.214,5.818,,,,,,,,
46233020,0.968,-1.506,0.025,-6.681,-0.083,10.011,,,,,,,,
46252240,0.258,-0.783,0.114,-4.312,-1.341,14.124,,,,,,,,
46273858,0.397,-0.621,0.011,-3.095,3.532,10.105,,,,,,,,
46293075,0.315,-0.487,0.001,-1.544,1.441,10.702,,,,,,,,
46312291,0.099,-0.279,-0.08,-2.721,1.593,8.646,,,,,,,,
46333913,0.034,-0.182,-0.085,-3.745,0.922,8.184,,,,,,,,
46353128,-0.1,-0.298,-0.065,-4.583,0.438,8.277,,,,,,,,
46372346,-0.129,-0.479,-0.026,-4.689,0.119,8.624,,,,,,,,
46393968,-0.243,-0.609,0.021,-2.31,-0.753,9.473,,,,,,,,
46413185,-0.278,-0.673,0.015,-0.918,0.211,10.153,,,,,,,,
46432403,-0.2,-0.594,0.033,-0.351,0.153,9.833,,,,,,,,
46454022,-0.093,-0.507,0.017,-0.387,0.29,10.402,,,,,,,,
46473239,-0.035,-0.402,-0.031,-0.293,0.158,10.912,,,,,,,,
46492456,-0.012,-0.284,-0.048,-0.946,-0.184,10.72,,,,,,,,
46514076,0.012,-0.229,-0.028,-1.623,-0.144,9.551,,,,,,,,
46533293,0.013,-0.33,-0.035,-1.324,-0.224,9.584,,,,,,,,
46552509,0.102,-0.323,-0.025,-1.445,-0.05,8.934,,,,,,,,
46574131,0.201,-0.322,-0.032,-1.695,0.103,10.122,,,,,,,,
46593346,0.186,-0.366,-0.066,-0.318,-0.231,10.237,,,,,,,,
46612564,0.112,-0.336,-0.075,-0.117,0.312,10.59,,,,,,,,
46634185,0.163,-0.169,-0.025,-0.703,0.45,10.86,,,,,,,,
46653400,0.143,-0.097,-0.006,-0.208,0.754,9.979,,,,,,,,
46672618,0.104,-0.125,-0.01,-0.601,0.158,10.002,,,,,,,,
46694238,0.082,-0.181,0.014,-1.116,0.085,9.281,,,,,,,,
46713455,0.069,-0.194,0.032,-1.216,0.609,9.932,,,,,,,,
46735077,0.054,-0.228,0.027,-0.942,0.432,9.99,,,,,,,,
46754292,0.004,-0.177,0.022,-0.702,0.348,9.796,,,,,,,,
46773509,0.044,-0.156,0.021,-0.204,0.382,10.408,,,,,,,,
46795132,0.058,-0.161,0.001,-0.415,-0.308,10.125,,,,,,,,
46814347,0.034,-0.11,0.004,-0.575,0.626,9.729,,,,,,,,
46833564,0.054,-0.071,0.003,-0.851,0.374,10.251,,,,,,,,
46855186,0.064,-0.134,-0.023,-0.327,0.135,9.843,,,,,,,,
46874403,0.103,-0.108,0.002,-0.712,0.702,9.85,,,,,,,,
46893618,0.131,0,0.011,-1.416,0.038,10.511,,,,,,,,
46915238,0.078,0.083,0.019,-0.233,0.036,11.434,,,,,,,,
46934457,0.092,0.186,0.035,-0.821,0.646,10.735,,,,,,,,
46956075,0.119,0.263,-0.021,-1.207,0.721,9.902,,,,,,,,
46975293,0.026,0.25,-0.088,-1.025,1.348,9.153,,,,,,,,
46994512,-0.079,0.173,-0.154,-0.77,0.997,9.273,,,,,,,,
47016132,-0.143,0.1,-0.118,-0.546,0.979,9.633,,,,,,,,
47035349,-0.14,0.089,-0.061,-0.712,0.6,9.619,,,,,,,,
47056967,-0.158,0.129,0.006,-1.214,0.326,9.692,,,,,,,,
47076184,-0.187,0.14,0.026,-1.581,0.488,9.46,,,,,,,,
47095404,-0.176,0.111,0.026,-1.648,0.15,9.508,,,,,,,,
47117023,-0.127,0.044,-0.028,-1.434,0.153,9.73,,,,,,,,
47136240,-0.128,-0.004,-0.058,-1.055,-0.275,9.522,,,,,,,,
47155455,-0.068,0,-0.062,-1.535,0.159,9.763,,,,,,,,
47177077,-0.009,-0.01,-0.017,-1.001,-0.077,9.366,,,,,,,,
47196294,0.025,-0.059,-0.014,-0.784,-0.004,9.606,,,,,,,,
47215511,0.043,-0.04,-0.017,-1.22,0.35,10.091,,,,,,,,
47237129,0.018,-0.006,-0.043,-1.561,0.231,9.814,,,,,,,,
47256347,0.06,0.009,-0.03,-1.42,0.208,9.509,,,,,,,,
47277967,0.078,-0.01,-0.009,-1.64,0.474,9.685,,,,,,,,
47297184,0.026,-0.021,0.013,-1.65,0.363,9.899,,,,,,,,
47318806,0.019,-0.025,0.009,-1.544,0.351,9.801,,,,,,,,
47338021,0.003,-0.018,-0.013,-1.414,0.488,9.693,,,,,,,,
47357239,-0.014,-0.036,-0.035,-1.158,0.277,9.724,,,,,,,,
47378860,-0.013,-0.03,-0.026,-1.044,0.233,9.887,,,,,,,,
47398075,-0.014,-0.012,-0.006,-1.026,0.199,9.817,,,,,,,,
47417293,-0.011,-0.018,-0.001,-1.027,0.17,9.772,,,,,,,,
47438916,-0.028,-0.074,-0.015,-0.19,0.148,9.779,,,,,,,,
47458130,-0.035,-0.065,-0.032,0.067,0.2,9.928,,,,,,,,
47477347,-0.012,-0.014,-0.026,-0.068,0.145,9.948,,,,,,,,
47498969,0.02,0.011,-0.006,-0.445,0.103,9.934,,,,,,,,
47518185,0.031,0.006,0.004,-0.834,0.086,9.831,,,,,,,,
47539810,0.035,0.004,0,-1.14,0.157,9.734,,,,,,,,
47559025,0.037,-0.001,-0.005,-1.197,0.215,9.758,,,,,,,,
47578239,0.025,-0.017,-0.015,-1.115,0.302,9.842,,,,,,,,
47599861,0.004,-0.035,-0.016,-0.807,0.338,9.811,,,,,,,,
47619077,-0.006,-0.028,-0.013,-0.615,0.324,9.811,,,,,,,,
47638293,-0.009,-0.017,-0.011,-0.526,0.283,9.845,,,,,,,,
47659914,-0.006,-0.016,-0.012,-0.57,0.14,9.866,,,,,,,,
47679132,0.005,-0.01,-0.012,-0.731,0.086,9.862,,,,,,,,
47698350,0.015,-0.005,-0.01,-0.876,0.108,9.773,,,,,,,,
47719970,0.02,-0.016,-0.009,-0.928,0.178,9.795,,,,,,,,
47739188,0.017,-0.019,-0.014,-0.888,0.286,9.829,,,,,,,,
47760807,0.012,-0.018,-0.014,-0.753,0.326,9.811,,,,,,,,
47780025,0,-0.019,-0.013,-0.667,0.284,9.826,,,,,,,,
47799242,-0.001,-0.016,-0.012,-0.658,0.212,9.841,,,,,,,,
47820862,0.002,-0.012,-0.01,-0.73,0.154,9.832,,,,,,,,
47840079,0.01,-0.011,-0.01,-0.812,0.133,9.826,,,,,,,,
47859296,0.015,-0.013,-0.012,-0.857,0.182,9.823,,,,,,,,
47880914,0.016,-0.016,-0.014,-0.826,0.232,9.821,,,,,,,,
47900132,0.011,-0.019,-0.012,-0.784,0.281,9.797,,,,,,,,
47921751,0.006,-0.018,-0.011,-0.727,0.269,9.808,,,,,,,,
47940971,0.001,-0.014,-0.011,-0.725,0.244,9.838,,,,,,,,
47960185,0.004,-0.013,-0.011,-0.743,0.205,9.835,,,,,,,,
47981805,0.006,-0.014,-0.011,-0.801,0.165,9.837,,,,,,,,
48001025,0.01,-0.015,-0.013,-0.79,0.175,9.847,,,,,,,,
48020242,0.011,-0.017,-0.011,-0.803,0.2,9.83,,,,,,,,
48041860,0.01,-0.017,-0.012,-0.766,0.232,9.815,,,,,,,,
48061078,0.005,-0.017,-0.011,-0.746,0.241,9.823,,,,,,,,
48080297,0.003,-0.018,-0.012,-0.755,0.239,9.831,,,,,,,,
48101914,0.005,-0.014,-0.01,-0.766,0.219,9.825,,,,,,,,
48121131,0.006,-0.014,-0.011,-0.782,0.184,9.826,,,,,,,,
48140349,0.006,-0.016,-0.011,-0.808,0.181,9.85,,,,,,,,
48161968,0.009,-0.017,-0.011,-0.801,0.214,9.841,,,,,,,,
48183588,0.007,-0.018,-0.012,-0.767,0.238,9.818,,,,,,,,
48202806,0.007,-0.015,-0.011,-0.763,0.235,9.823,,,,,,,,
48222023,0.007,-0.016,-0.011,-0.771,0.212,9.831,,,,,,,,
48243643,0.006,-0.015,-0.011,-0.771,0.205,9.823,,,,,,,,
48262860,0.007,-0.016,-0.011,-0.79,0.201,9.829,,,,,,,,
48282077,0.009,-0.015,-0.011,-0.769,0.183,9.83,,,,,,,,
48303697,0.01,-0.016,-0.011,-0.77,0.213,9.843,,,,,,,,
48322914,0.009,-0.016,-0.013,-0.758,0.215,9.831,,,,,,,,
48342132,0.011,-0.016,-0.011,-0.754,0.218,9.829,,,,,,,,
48363752,0.007,-0.016,-0.011,-0.743,0.226,9.837,,,,,,,,
48382971,0.009,-0.014,-0.01,-0.784,0.206,9.813,,,,,,,,
48402187,0.009,-0.017,-0.01,-0.782,0.194,9.818,,,,,,,,
48423807,0.009,-0.018,-0.012,-0.783,0.196,9.835,,,,,,,,
48443024,0.007,-0.017,-0.012,-0.784,0.219,9.827,,,,,,,,
48462240,0.011,-0.015,-0.01,-0.755,0.207,9.826,,,,,,,,
48483862,0.009,-0.015,-0.011,-0.776,0.231,9.823,,,,,,,,
48503078,0.007,-0.016,-0.012,-0.777,0.205,9.833,,,,,,,,
48524700,0.009,-0.016,-0.011,-0.782,0.215,9.826,,,,,,,,
48543917,0.007,-0.017,-0.012,-0.767,0.204,9.836,,,,,,,,
48563132,0.01,-0.015,-0.011,-0.761,0.207,9.83,,,,,,,,
48584752,0.012,-0.015,-0.013,-0.777,0.223,9.823,,,,,,,,
48603972,0.007,-0.015,-0.012,-0.766,0.214,9.839,,,,,,,,
48625590,0.01,-0.015,-0.01,-0.79,0.229,9.83,,,,,,,,
48644808,0.007,-0.016,-0.011,-0.767,0.214,9.827,,,,,,,,
48664025,0.007,-0.015,-0.01,-0.769,0.217,9.827,,,,,,,,
48685646,0.012,-0.015,-0.009,-0.771,0.213,9.818,,,,,,,,
48707264,0.01,-0.015,-0.011,-0.759,0.206,9.826,,,,,,,,
48726480,0.012,-0.015,-0.01,-0.782,0.19,9.832,,,,,,,,
48745698,0.01,-0.014,-0.01,-0.776,0.214,9.851,,,,,,,,
48767320,0.009,-0.015,-0.011,-0.788,0.227,9.826,,,,,,,,
48786535,0.01,-0.016,-0.012,-0.784,0.22,9.818,,,,,,,,
48805753,0.007,-0.017,-0.01,-0.755,0.208,9.839,,,,,,,,
48824970,0.009,-0.014,-0.012,-0.765,0.204,9.85,,,,,,,,
48846590,0.011,-0.013,-0.01,-0.784,0.227,9.832,,,,,,,,
48865808,0.01,-0.016,-0.011,-0.765,0.211,9.835,,,,,,,,
48885026,0.009,-0.016,-0.011,-0.79,0.206,9.842,,,,,,,,
48906644,0.01,-0.015,-0.01,-0.791,0.232,9.836,,,,,,,,
48925864,0.009,-0.014,-0.011,-0.776,0.237,9.819,,,,,,,,
48945081,0.006,-0.017,-0.011,-0.767,0.206,9.832,,,,,,,,
48966699,0.005,-0.018,-0.012,-0.778,0.211,9.83,,,,,,,,
48985916,0.009,-0.017,-0.011,-0.758,0.212,9.83,,,,,,,,
49005135,0.009,-0.013,-0.011,-0.769,0.213,9.805,,,,,,,,
49026756,0.011,-0.015,-0.011,-0.764,0.218,9.845,,,,,,,,
49048373,0.01,-0.015,-0.012,-0.769,0.218,9.827,,,,,,,,
49067590,0.009,-0.017,-0.011,-0.783,0.213,9.812,,,,,,,,
49089212,0.007,-0.015,-0.011,-0.778,0.219,9.833,,,,,,,,
49108428,0.007,-0.014,-0.012,-0.776,0.218,9.827,,,,,,,,
49130050,0.009,-0.014,-0.01,-0.785,0.217,9.817,,,,,,,,
49149267,0.007,-0.017,-0.012,-0.747,0.214,9.827,,,,,,,,
49168484,0.01,-0.016,-0.01,-0.784,0.213,9.829,,,,,,,,
49190104,0.009,-0.016,-0.011,-0.767,0.219,9.831,,,,,,,,
49209318,0.01,-0.014,-0.01,-0.782,0.231,9.824,,,,,,,,
49228536,0.006,-0.015,-0.011,-0.782,0.219,9.838,,,,,,,,
49250158,0.007,-0.016,-0.011,-0.791,0.218,9.826,,,,,,,,
49269376,0.007,-0.016,-0.012,-0.771,0.212,9.835,,,,,,,,
49290993,0.009,-0.016,-0.011,-0.778,0.223,9.833,,,,,,,,
49310213,0.009,-0.015,-0.011,-0.779,0.217,9.841,,,,,,,,
49329430,0.01,-0.017,-0.011,-0.776,0.235,9.835,,,,,,,,
49351050,0.009,-0.017,-0.012,-0.773,0.22,9.837,,,,,,,,
49370264,0.007,-0.016,-0.011,-0.764,0.226,9.836,,,,,,,,
49389483,0.007,-0.015,-0.012,-0.778,0.205,9.809,,,,,,,,
49411104,0.009,-0.016,-0.01,-0.788,0.212,9.831,,,,,,,,
49430322,0.007,-0.018,-0.011,-0.763,0.2,9.832,,,,,,,,
49449538,0.007,-0.017,-0.011,-0.771,0.215,9.847,,,,,,,,
49471158,0.007,-0.016,-0.011,-0.782,0.212,9.805,,,,,,,,
49490375,0.002,-0.019,-0.012,-0.779,0.227,9.806,,,,,,,,
49509593,-0.003,-0.022,-0.013,-0.781,0.236,9.829,,,,,,,,
49531210,-0.001,-0.021,-0.013,-0.783,0.227,9.856,,,,,,,,
49550429,0,-0.019,-0.01,-0.788,0.181,9.86,,,,,,,,
49569646,0.001,-0.017,-0.012,-0.753,0.187,9.817,,,,,,,,
49591265,0.005,-0.017,-0.012,-0.776,0.186,9.844,,,,,,,,
49610482,0.01,-0.016,-0.012,-0.746,0.195,9.838,,,,,,,,
49632102,0.009,-0.017,-0.013,-0.777,0.202,9.852,,,,,,,,
49651320,0.01,-0.015,-0.009,-0.769,0.212,9.829,,,,,,,,
49670540,0.011,-0.012,-0.011,-0.785,0.213,9.845,,,,,,,,
49692156,0.01,-0.014,-0.012,-0.783,0.2,9.839,,,,,,,,
49711374,0.01,-0.015,-0.011,-0.76,0.204,9.811,,,,,,,,
49730594,0.006,-0.016,-0.01,-0.778,0.202,9.805,,,,,,,,
49752211,0.002,-0.018,-0.013,-0.777,0.21,9.819,,,,,,,,
49771428,0.004,-0.018,-0.012,-0.783,0.224,9.845,,,,,,,,
49790649,0.002,-0.02,-0.011,-0.787,0.241,9.841,,,,,,,,
49812266,0.002,-0.019,-0.012,-0.765,0.177,9.832,,,,,,,,
49833887,0.01,-0.015,-0.01,-0.739,0.183,9.854,,,,,,,,
49853102,0.011,-0.014,-0.012,-0.747,0.163,9.832,,,,,,,,
49872323,0.013,-0.013,-0.009,-0.765,0.194,9.832,,,,,,,,
49893943,0.014,-0.013,-0.01,-0.791,0.196,9.819,,,,,,,,
49913158,0.01,-0.015,-0.012,-0.79,0.224,9.814,,,,,,,,
49932374,0.01,-0.014,-0.011,-0.776,0.236,9.817,,,,,,,,
49953996,0.006,-0.015,-0.011,-0.779,0.213,9.838,,,,,,,,
49973212,0.005,-0.017,-0.011,-0.761,0.206,9.835,,,,,,,,
49992429,0.007,-0.015,-0.011,-0.74,0.199,9.836,,,,,,,,
50014051,0.009,-0.014,-0.011,-0.773,0.198,9.815,,,,,,,,
50033266,0.009,-0.015,-0.01,-0.788,0.206,9.833,,,,,,,,
50052484,0.005,-0.019,-0.012,-0.776,0.239,9.8,,,,,,,,
50074105,-0.002,-0.021,-0.012,-0.784,0.215,9.826,,,,,,,,
50093320,0,-0.02,-0.012,-0.777,0.205,9.85,,,,,,,,
50114943,-0.001,-0.019,-0.01,-0.765,0.19,9.842,,,,,,,,
50134159,0,-0.019,-0.011,-0.766,0.159,9.841,,,,,,,,
50153375,0.005,-0.017,-0.011,-0.73,0.166,9.842,,,,,,,,
50174997,0.009,-0.017,-0.013,-0.758,0.169,9.842,,,,,,,,
50194215,0.009,-0.017,-0.012,-0.759,0.218,9.825,,,,,,,,
50213429,0.01,-0.015,-0.011,-0.773,0.215,9.812,,,,,,,,
50235051,0.006,-0.017,-0.011,-0.761,0.195,9.814,,,,,,,,
50254268,0.004,-0.018,-0.011,-0.767,0.212,9.839,,,,,,,,
50273484,0.007,-0.017,-0.011,-0.773,0.202,9.851,,,,,,,,
50295106,0.005,-0.015,-0.01,-0.748,0.163,9.843,,,,,,,,
50314323,0.005,-0.019,-0.011,-0.771,0.199,9.827,,,,,,,,
50333538,0.012,-0.015,-0.011,-0.764,0.176,9.855,,,,,,,,
50355160,0.012,-0.014,-0.011,-0.749,0.174,9.815,,,,,,,,
50374379,0.01,-0.014,-0.011,-0.751,0.188,9.819,,,,,,,,
50395998,0.012,-0.014,-0.01,-0.767,0.208,9.844,,,,,,,,
50415215,0.009,-0.016,-0.01,-0.772,0.213,9.832,,,,,,,,
50434432,0.004,-0.017,-0.012,-0.779,0.21,9.814,,,,,,,,
50456053,0,-0.018,-0.011,-0.765,0.207,9.806,,,,,,,,
50475270,-0.003,-0.022,-0.013,-0.777,0.202,9.836,,,,,,,,
50496889,0,-0.02,-0.012,-0.752,0.193,9.854,,,,,,,,
50516107,0,-0.018,-0.011,-0.73,0.163,9.813,,,,,,,,
50535324,0.003,-0.018,-0.011,-0.722,0.176,9.812,,,,,,,,
50556942,0.007,-0.015,-0.012,-0.722,0.164,9.882,,,,,,,,
50576159,0.012,-0.014,-0.011,-0.743,0.182,9.858,,,,,,,,
50595378,0.009,-0.017,-0.011,-0.76,0.166,9.806,,,,,,,,
50616996,0.012,-0.014,-0.011,-0.77,0.214,9.873,,,,,,,,
50636215,0.013,-0.012,-0.011,-0.767,0.199,9.829,,,,,,,,
50655431,0.007,-0.015,-0.013,-0.766,0.182,9.815,,,,,,,,
50677051,0.006,-0.017,-0.011,-0.759,0.194,9.824,,,,,,,,
50698675,0.001,-0.02,-0.013,-0.761,0.183,9.842,,,,,,,,
50717888,0.005,-0.017,-0.012,-0.761,0.19,9.869,,,,,,,,
50737105,0.009,-0.012,-0.011,-0.748,0.158,9.807,,,,,,,,
50758724,0.001,-0.019,-0.012,-0.758,0.198,9.794,,,,,,,,
50777942,0.001,-0.021,-0.012,-0.771,0.174,9.801,,,,,,,,
50797160,0.006,-0.016,-0.011,-0.727,0.177,9.841,,,,,,,,
50818781,0.007,-0.015,-0.01,-0.757,0.152,9.831,,,,,,,,
50837997,0.003,-0.018,-0.012,-0.749,0.175,9.783,,,,,,,,
50857214,0.003,-0.019,-0.01,-0.758,0.174,9.832,,,,,,,,
50878836,0.007,-0.017,-0.011,-0.754,0.196,9.861,,,,,,,,
50898051,0.007,-0.017,-0.012,-0.761,0.172,9.838,,,,,,,,
50917269,0.009,-0.015,-0.01,-0.751,0.196,9.807,,,,,,,,
50938890,0.004,-0.018,-0.012,-0.772,0.183,9.829,,,,,,,,
50958105,0.003,-0.021,-0.012,-0.748,0.196,9.854,,,,,,,,
50977323,0.006,-0.016,-0.011,-0.759,0.18,9.85,,,,,,,,
50998944,0.005,-0.018,-0.012,-0.758,0.144,9.818,,,,,,,,
51018160,0.011,-0.016,-0.011,-0.754,0.157,9.848,,,,,,,,
51037379,0.012,-0.014,-0.011,-0.727,0.181,9.844,,,,,,,,
51058999,0.006,-0.018,-0.011,-0.753,0.182,9.795,,,,,,,,
51078215,0.005,-0.016,-0.01,-0.765,0.19,9.836,,,,,,,,
51097434,0.006,-0.015,-0.011,-0.759,0.198,9.852,,,,,,,,
51119052,0.005,-0.017,-0.011,-0.748,0.18,9.843,,,,,,,,
51138270,0.009,-0.016,-0.011,-0.734,0.15,9.835,,,,,,,,
51159891,0.011,-0.016,-0.011,-0.73,0.14,9.817,,,,,,,,
51179108,0.012,-0.013,-0.01,-0.747,0.159,9.845,,,,,,,,
51198324,0.013,-0.012,-0.009,-0.728,0.178,9.842,,,,,,,,
51219946,0.01,-0.015,-0.01,-0.76,0.194,9.844,,,,,,,,
51239164,0.007,-0.017,-0.012,-0.77,0.21,9.825,,,,,,,,
51260783,0.007,-0.017,-0.012,-0.755,0.176,9.833,,,,,,,,
51280000,0.006,-0.015,-0.011,-0.742,0.18,9.827,,,,,,,,
51299218,0.009,-0.016,-0.011,-0.745,0.153,9.829,,,,,,,,
51320835,0.009,-0.017,-0.011,-0.741,0.164,9.839,,,,,,,,
51340054,0.009,-0.016,-0.012,-0.758,0.178,9.835,,,,,,,,
51359270,0.01,-0.015,-0.011,-0.747,0.186,9.838,,,,,,,,
51380891,0.007,-0.016,-0.012,-0.759,0.187,9.82,,,,,,,,
51400109,0,-0.02,-0.011,-0.746,0.202,9.789,,,,,,,,
51421726,-0.009,-0.026,-0.013,-0.755,0.193,9.807,,,,,,,,
51443348,-0.005,-0.023,-0.011,-0.771,0.193,9.879,,,,,,,,
51462563,-0.004,-0.02,-0.011,-0.753,0.166,9.843,,,,,,,,
51481781,-0.004,-0.022,-0.012,-0.736,0.138,9.811,,,,,,,,
51503400,0,-0.021,-0.01,-0.723,0.117,9.842,,,,,,,,
51522618,0.004,-0.02,-0.01,-0.743,0.138,9.862,,,,,,,,
51541835,0.009,-0.016,-0.01,-0.742,0.123,9.849,,,,,,,,
51563455,0.014,-0.012,-0.01,-0.721,0.138,9.856,,,,,,,,
51582673,0.012,-0.015,-0.01,-0.728,0.147,9.805,,,,,,,,
51601890,0.01,-0.017,-0.012,-0.751,0.181,9.825,,,,,,,,
51623509,0.012,-0.015,-0.011,-0.755,0.181,9.837,,,,,,,,
51642727,0.01,-0.013,-0.011,-0.759,0.176,9.821,,,,,,,,
51661944,0.006,-0.015,-0.009,-0.76,0.177,9.803,,,,,,,,
51683564,0.001,-0.019,-0.011,-0.752,0.174,9.818,,,,,,,,
51702782,0.002,-0.019,-0.012,-0.757,0.163,9.873,,,,,,,,
51724403,0.012,-0.013,-0.01,-0.736,0.147,9.838,,,,,,,,
51743618,0.009,-0.014,-0.011,-0.721,0.14,9.814,,,,,,,,
51762836,0.01,-0.016,-0.01,-0.739,0.162,9.832,,,,,,,,
51782055,0.013,-0.014,-0.011,-0.758,0.177,9.858,,,,,,,,
51803675,0.01,-0.015,-0.011,-0.747,0.172,9.825,,,,,,,,
51822893,0.01,-0.014,-0.011,-0.765,0.174,9.824,,,,,,,,
51842108,0.007,-0.015,-0.01,-0.757,0.178,9.836,,,,,,,,
51863728,0.004,-0.019,-0.011,-0.729,0.168,9.837,,,,,,,,
51882945,-0.003,-0.023,-0.013,-0.742,0.145,9.781,,,,,,,,
51902162,-0.003,-0.02,-0.011,-0.754,0.147,9.842,,,,,,,,
51923785,0.002,-0.018,-0.01,-0.745,0.151,9.841,,,,,,,,
51942999,0.006,-0.018,-0.01,-0.728,0.135,9.851,,,,,,,,
51962217,0.009,-0.015,-0.011,-0.717,0.129,9.835,,,,,,,,
51983839,0.01,-0.014,-0.012,-0.698,0.148,9.814,,,,,,,,
52003054,0.004,-0.018,-0.011,-0.737,0.182,9.819,,,,,,,,
52022272,0.001,-0.02,-0.011,-0.743,0.205,9.845,,,,,,,,
52043893,0.007,-0.017,-0.011,-0.776,0.196,9.864,,,,,,,,
52063109,0.002,-0.018,-0.011,-0.735,0.152,9.805,,,,,,,,
52082326,0.002,-0.017,-0.013,-0.746,0.147,9.848,,,,,,,,
52103947,0.012,-0.013,-0.011,-0.709,0.132,9.872,,,,,,,,
52123163,0.011,-0.017,-0.01,-0.696,0.158,9.805,,,,,,,,
52142381,0.011,-0.016,-0.012,-0.709,0.144,9.833,,,,,,,,
52164002,0.012,-0.013,-0.013,-0.742,0.157,9.863,,,,,,,,
52183218,0.006,-0.015,-0.012,-0.764,0.183,9.813,,,,,,,,
52202435,-0.001,-0.023,-0.012,-0.777,0.184,9.801,,,,,,,,
52224056,-0.004,-0.022,-0.011,-0.76,0.165,9.845,,,,,,,,
52243272,-0.001,-0.018,-0.012,-0.743,0.135,9.843,,,,,,,,
52262489,0.003,-0.018,-0.01,-0.739,0.119,9.842,,,,,,,,
52284110,0.005,-0.017,-0.01,-0.704,0.125,9.818,,,,,,,,
52303328,0.002,-0.021,-0.012,-0.709,0.128,9.821,,,,,,,,
52322544,0.005,-0.019,-0.011,-0.719,0.158,9.855,,,,,,,,
52344165,0.012,-0.013,-0.01,-0.751,0.145,9.868,,,,,,,,
52363382,0.01,-0.013,-0.011,-0.727,0.14,9.825,,,,,,,,
52382599,0.007,-0.018,-0.01,-0.724,0.128,9.832,,,,,,,,
52404220,0.01,-0.016,-0.011,-0.728,0.115,9.841,,,,,,,,
52423435,0.011,-0.014,-0.012,-0.734,0.142,9.85,,,,,,,,
52442653,0.011,-0.013,-0.011,-0.715,0.16,9.835,,,,,,,,
52464274,0.01,-0.016,-0.012,-0.743,0.145,9.842,,,,,,,,
52483490,0.007,-0.016,-0.011,-0.748,0.16,9.83,,,,,,,,
52502708,0.006,-0.017,-0.012,-0.735,0.144,9.839,,,,,,,,
52524329,0.009,-0.014,-0.012,-0.725,0.128,9.85,,,,,,,,
52543545,0.009,-0.016,-0.011,-0.718,0.147,9.827,,,,,,,,
52562762,0.007,-0.018,-0.011,-0.718,0.156,9.848,,,,,,,,
52581982,0.009,-0.016,-0.012,-0.733,0.153,9.848,,,,,,,,
52603599,0.01,-0.013,-0.01,-0.721,0.148,9.855,,,,,,,,
52622817,0.009,-0.015,-0.011,-0.729,0.146,9.841,,,,,,,,
52642035,0.007,-0.018,-0.012,-0.723,0.139,9.837,,,,,,,,
52663654,0.006,-0.017,-0.012,-0.729,0.162,9.835,,,,,,,,
52682871,0.009,-0.016,-0.011,-0.74,0.133,9.845,,,,,,,,
52702090,0.004,-0.019,-0.013,-0.703,0.162,9.815,,,,,,,,
52723708,-0.006,-0.023,-0.012,-0.757,0.183,9.812,,,,,,,,
52742926,-0.004,-0.025,-0.012,-0.758,0.183,9.866,,,,,,,,
52762146,0,-0.018,-0.012,-0.736,0.13,9.875,,,,,,,,
52783763,0,-0.017,-0.011,-0.679,0.097,9.823,,,,,,,,
52802980,0.001,-0.019,-0.011,-0.706,0.111,9.827,,,,,,,,
52822199,0.005,-0.019,-0.013,-0.696,0.134,9.867,,,,,,,,
52843819,0.011,-0.017,-0.011,-0.709,0.135,9.881,,,,,,,,
52863036,0.013,-0.014,-0.01,-0.696,0.129,9.826,,,,,,,,
52882253,0.011,-0.013,-0.011,-0.706,0.144,9.824,,,,,,,,
52903875,0.011,-0.015,-0.011,-0.742,0.162,9.854,,,,,,,,
52923092,0.01,-0.017,-0.011,-0.743,0.146,9.837,,,,,,,,
52942308,0.007,-0.015,-0.012,-0.739,0.134,9.815,,,,,,,,
52963928,0.007,-0.014,-0.011,-0.74,0.135,9.842,,,,,,,,
52983146,0.006,-0.016,-0.012,-0.718,0.147,9.843,,,,,,,,
53002364,0.007,-0.016,-0.012,-0.705,0.14,9.85,,,,,,,,
53023983,0.01,-0.015,-0.01,-0.716,0.105,9.823,,,,,,,,
53043200,0.01,-0.013,-0.011,-0.739,0.126,9.848,,,,,,,,
53062415,0.01,-0.015,-0.011,-0.713,0.151,9.835,,,,,,,,
53084036,0.009,-0.017,-0.011,-0.724,0.142,9.832,,,,,,,,
53103254,0.006,-0.016,-0.011,-0.711,0.15,9.844,,,,,,,,
53122470,0.009,-0.014,-0.012,-0.721,0.127,9.829,,,,,,,,
53144091,0.009,-0.013,-0.011,-0.715,0.115,9.855,,,,,,,,
53163308,0.009,-0.016,-0.012,-0.724,0.142,9.837,,,,,,,,
53184929,0.01,-0.017,-0.011,-0.728,0.13,9.856,,,,,,,,
53204144,0.009,-0.016,-0.011,-0.724,0.147,9.833,,,,,,,,
53223362,0.007,-0.015,-0.011,-0.728,0.145,9.843,,,,,,,,
53244983,0.006,-0.016,-0.011,-0.722,0.133,9.842,,,,,,,,
53264201,0.009,-0.017,-0.011,-0.723,0.144,9.831,,,,,,,,
53283418,0.007,-0.016,-0.011,-0.758,0.12,9.826,,,,,,,,
53305039,0.01,-0.015,-0.012,-0.731,0.11,9.845,,,,,,,,
53324257,0.01,-0.014,-0.012,-0.733,0.159,9.832,,,,,,,,
53343472,0.007,-0.016,-0.01,-0.722,0.138,9.842,,,,,,,,
53365091,0.007,-0.016,-0.01,-0.73,0.148,9.825,,,,,,,,
53384310,0.003,-0.019,-0.012,-0.731,0.156,9.814,,,,,,,,
53403525,-0.006,-0.022,-0.013,-0.747,0.156,9.799,,,,,,,,
